suffx,PSNR,SSIM
deepcad,31.50923935776271,0.4981403350830078
frame1000_alphas0.8,32.98352518308201,0.732732355594635
frame3000_alphas0.85,33.091559809660495,0.7378390431404114
