suffx,PSNR,SSIM
noise2void,28.206392068544165,0.675068199634552
frame3000_alphas0.85,29.501397918334508,0.7863749861717224
