suffx,PSNR,SSIM
deepcad,32.71381074011531,0.5753220319747925
frame3000_alphas0.85,34.64649604206584,0.793504536151886
