suffx,PSNR,SSIM
deepcad,32.47337312579768,0.5639514923095703
frame3000_alphas0.85,34.369929563895894,0.7804324626922607
