suffx,PSNR,SSIM
noise2noise,31.784039826108575,0.8060648441314697
frame3000_alphas1,33.31061884269298,0.888167142868042
frame3000_alphas0.85,33.39762817458655,0.890658974647522
