suffx,PSNR,SSIM
deepcad,0.0,0.0
frame3000_win6000_s036_δs72_t0-6_δt16_30,32.53899510461517,0.8481946587562561
