suffx,PSNR,SSIM
deepcad,0.0,0.0
frame3000_win6000_s036_δs72_t0-6_δt16_75,33.55301715014283,0.8642983436584473
