suffx,PSNR,SSIM
deepcad,0.0,0.0
frame3000_win6000_s036_δs72_t0-6_δt16_300,34.03365388490645,0.878603994846344
