suffx,PSNR,SSIM
deepcad,0.0,0.0
frame3000_win6000_s036_δs72_t0-6_δt16_15,28.632749245666417,0.7902951240539551
