suffx,PSNR,SSIM
deepcad,0.0,0.0
frame3000_win6000_s036_δs72_t0-6_δt16_150,34.01955930620047,0.8737080693244934
