suffx,ROI GT,ROIs,IoU
synthetic_deepcad,283.0,166.0,0.1114068788449503
synthetic_fft,283.0,240.0,0.45693913743667347
