suffx,ROI GT,ROIs,IoU
synthetic_deepcad,281.0,159.0,0.131710603048815
synthetic_fft,281.0,237.0,0.37766030677835644
