suffx,PSNR,SSIM
deepcad,32.849572493962576,0.822667121887207
frame3000_win6000_s036_δs72_t0-6_δt16,34.01955930620047,0.8737080693244934
