suffx,PSNR,SSIM
deepcad,31.60451039045185,0.7994747757911682
frame3000_alphas0.85,33.19490916633383,0.8837500214576721
