suffx,PSNR,SSIM
deepcad,32.30381747535838,0.5577632784843445
frame3000_win6000_s036_δs72_t0-6_δt16,33.471270728874465,0.6942099928855896
