suffx,PSNR,SSIM
deepcad,32.30381747535838,0.5577632784843445
frame20_win512_s048_δs128_t0-6_δt16,33.03681634227688,0.6543169617652893
frame50_win512_s048_δs128_t0-6_δt16,33.0015606996811,0.6519637107849121
frame100_win512_s048_δs128_t0-6_δt16,32.968689159289994,0.6494514346122742
frame300_win512_s048_δs128_t0-6_δt16,32.94834513035534,0.6450122594833374
frame600_win512_s048_δs128_t0-6_δt16,32.971828720577115,0.6437299251556396
frame3000_win512_s048_δs128_t0-6_δt16,33.16322647394066,0.6583681106567383
