suffx,PSNR,SSIM
deepcad,32.8149227440653,0.5822482109069824
frame3000_alphas0.85,34.8074890082785,0.8020117282867432
