suffx,PSNR,SSIM
deepcad,32.849572493962576,0.5782028436660767
frame3000_alphas0.85,34.814267345201536,0.7913019061088562
