suffx,PSNR,SSIM
deepcad,32.30381747535838,0.5577632784843445
frame3000_alphas0.85,34.09738603911602,0.7849088311195374
frame1000_alphas0.8,33.9734942973063,0.7816856503486633
