suffx,PSNR,SSIM
deepcad,16.290282757203247,0.20874278247356415
frame3000_alphas1,16.289389218872998,0.2206236571073532
