suffx,PSNR,SSIM
2048,18.363470940399512,0.15801690518856049
DeepCad,18.09021670464015,0.10524383187294006
