suffx,PSNR,SSIM
2048,15.447105778116693,0.5489836931228638
DeepCad,31.341290336661984,0.8217464685440063
