suffx,PSNR,SSIM
2048,15.735131750797377,0.27144327759742737
DeepCad,15.330930423537794,0.20870117843151093
