suffx,PSNR,SSIM
deepcad,32.47337312579768,0.8119540810585022
frame3000_alphas0.85,34.36992729663858,0.8947715163230896
