suffx,PSNR,SSIM
deepcad,27.80435827849969,0.7383309006690979
frame3000_alphas0.85,29.330492591366028,0.8564502000808716
