suffx,PSNR,SSIM
deepcad,32.814922744065306,0.825710117816925
frame3000_alphas0.85,34.807493630951036,0.908532977104187
