suffx,PSNR,SSIM
deepcad,32.849572493962576,0.822667121887207
frame3000_alphas0.85,34.81426555127496,0.9037073254585266
