step,epoch,l1,l2,corr,reg,loss
0,0.0,0.052698634564876556,0.004039526451379061,0.0,0.0,0.05673816055059433
1,0.0,0.04335198551416397,0.002741497941315174,0.0,0.0,0.04609348252415657
2,0.0,0.03835231065750122,0.002215615939348936,0.0,0.0,0.040567927062511444
3,0.0,0.040473610162734985,0.003036993322893977,0.0,0.0,0.04351060464978218
4,0.0,0.030564889311790466,0.0017250946257263422,0.0,0.0,0.032289985567331314
5,0.0,0.09623456001281738,0.013050779700279236,0.0,0.0,0.10928533971309662
6,0.0,0.029140084981918335,0.001574178459122777,0.0,0.0,0.030714264139533043
7,0.0,0.03974410146474838,0.002912399359047413,0.0,0.0,0.04265649989247322
8,0.0,0.040615424513816833,0.0033109374344348907,0.0,0.0,0.043926361948251724
9,0.0,0.033530961722135544,0.002092224545776844,0.0,0.0,0.03562318533658981
10,0.0,0.03880283981561661,0.002758449874818325,0.0,0.0,0.04156129062175751
11,0.0,0.03677738085389137,0.0025634681805968285,0.0,0.0,0.039340849965810776
12,0.0,0.039003293961286545,0.002749366220086813,0.0,0.0,0.041752658784389496
13,0.0,0.045371610671281815,0.003538860008120537,0.0,0.0,0.0489104688167572
14,0.0,0.04022112861275673,0.0025305668823421,0.0,0.0,0.04275169596076012
15,0.0,0.03772781789302826,0.0023821857757866383,0.0,0.0,0.04011000320315361
16,0.0,0.04560798406600952,0.0032837078906595707,0.0,0.0,0.048891693353652954
17,0.0,0.04118439927697182,0.0023135130759328604,0.0,0.0,0.04349791258573532
18,0.0,0.04024657607078552,0.0026329699903726578,0.0,0.0,0.04287954419851303
19,0.0,0.03908606991171837,0.002229087520390749,0.0,0.0,0.04131515696644783
20,0.0,0.03876733034849167,0.0026421151123940945,0.0,0.0,0.0414094440639019
21,0.0,0.05147538706660271,0.004632721189409494,0.0,0.0,0.05610810965299606
22,0.0,0.034808047115802765,0.0020977798849344254,0.0,0.0,0.03690582513809204
23,0.0,0.038002707064151764,0.002571466378867626,0.0,0.0,0.040574174374341965
24,0.0,0.03948536515235901,0.002408431377261877,0.0,0.0,0.041893795132637024
25,0.0,0.03526478633284569,0.0022094924934208393,0.0,0.0,0.03747427836060524
26,0.0,0.0303351990878582,0.0015590089606121182,0.0,0.0,0.03189420700073242
27,0.0,0.03428810462355614,0.002200431888923049,0.0,0.0,0.03648853674530983
28,0.0,0.03339732438325882,0.002020751591771841,0.0,0.0,0.0354180745780468
29,0.0,0.0636555552482605,0.0062335822731256485,0.0,0.0,0.069889135658741
30,0.0,0.035445667803287506,0.0022440305911004543,0.0,0.0,0.0376896969974041
31,0.0,0.03778243437409401,0.0028369303327053785,0.0,0.0,0.040619365870952606
32,0.0,0.04489888995885849,0.00346530694514513,0.0,0.0,0.048364195972681046
33,0.0,0.03144458681344986,0.001751081203110516,0.0,0.0,0.03319566696882248
34,0.0,0.049328941851854324,0.004684546031057835,0.0,0.0,0.054013486951589584
35,0.0,0.04077828675508499,0.0029981823172420263,0.0,0.0,0.04377646744251251
36,0.0,0.038061127066612244,0.002718876348808408,0.0,0.0,0.04078000411391258
37,0.0,0.049896758049726486,0.004541501868516207,0.0,0.0,0.054438259452581406
38,0.0,0.040382202714681625,0.002695793751627207,0.0,0.0,0.043077997863292694
39,0.0,0.03786565363407135,0.0026327860541641712,0.0,0.0,0.040498439222574234
40,0.0,0.040514297783374786,0.002419202122837305,0.0,0.0,0.04293350130319595
41,0.0,0.03978256508708,0.002634322503581643,0.0,0.0,0.04241688922047615
42,0.0,0.039711207151412964,0.0025170734152197838,0.0,0.0,0.04222828149795532
43,0.0,0.03460784628987312,0.0020321402698755264,0.0,0.0,0.0366399884223938
44,0.0,0.0412021279335022,0.0026186052709817886,0.0,0.0,0.04382073134183884
45,0.0,0.03765157610177994,0.0022826516069471836,0.0,0.0,0.03993422910571098
46,0.0,0.037257760763168335,0.0027631463017314672,0.0,0.0,0.0400209054350853
47,0.0,0.037667784839868546,0.0027420008555054665,0.0,0.0,0.04040978476405144
48,0.0,0.03435878828167915,0.0020707393996417522,0.0,0.0,0.03642952814698219
49,0.0,0.029609553515911102,0.0014887170400470495,0.0,0.0,0.031098270788788795
50,0.0,0.029796041548252106,0.0016185580752789974,0.0,0.0,0.03141459822654724
51,0.0,0.02983275055885315,0.0016640210524201393,0.0,0.0,0.031496770679950714
52,0.0,0.04897446557879448,0.003991090692579746,0.0,0.0,0.05296555534005165
53,0.0,0.04579481855034828,0.003751695854589343,0.0,0.0,0.049546513706445694
54,0.0,0.029886998236179352,0.0017116796225309372,0.0,0.0,0.03159867972135544
55,0.0,0.032780613750219345,0.0020861520897597075,0.0,0.0,0.03486676514148712
56,0.0,0.02968195453286171,0.0015769402962177992,0.0,0.0,0.03125889599323273
57,0.0,0.05053592100739479,0.004419989883899689,0.0,0.0,0.05495591089129448
58,0.0,0.029574910178780556,0.001653535757213831,0.0,0.0,0.0312284454703331
59,0.0,0.030346840620040894,0.001552104251459241,0.0,0.0,0.031898945569992065
60,0.0,0.0396723598241806,0.0033670971170067787,0.0,0.0,0.04303945600986481
61,0.0,0.0341058075428009,0.0021293042227625847,0.0,0.0,0.03623511269688606
62,0.0,0.02978627383708954,0.0016373388934880495,0.0,0.0,0.03142361342906952
63,0.0,0.05517108738422394,0.005280299112200737,0.0,0.0,0.060451388359069824
64,0.0,0.03299422934651375,0.0019662175327539444,0.0,0.0,0.03496044874191284
65,0.0,0.036046966910362244,0.0025714156217873096,0.0,0.0,0.038618382066488266
66,0.0,0.03623371943831444,0.002677052514627576,0.0,0.0,0.038910772651433945
67,0.0,0.03269034996628761,0.0018849025946110487,0.0,0.0,0.03457525372505188
68,0.0,0.03270138427615166,0.0019504344090819359,0.0,0.0,0.03465181961655617
69,0.0,0.04960430786013603,0.004406872671097517,0.0,0.0,0.054011180996894836
70,0.0,0.03229368478059769,0.0017665590858086944,0.0,0.0,0.034060243517160416
71,0.0,0.05241277813911438,0.0045406026765704155,0.0,0.0,0.05695338174700737
72,0.0,0.03655705228447914,0.002265567658469081,0.0,0.0,0.03882262110710144
73,0.0,0.04222964495420456,0.003675625193864107,0.0,0.0,0.04590526968240738
74,0.0,0.037366583943367004,0.0021863419096916914,0.0,0.0,0.039552927017211914
75,0.0,0.04479629546403885,0.0029400039929896593,0.0,0.0,0.04773629829287529
76,0.0,0.040540117770433426,0.0024343831464648247,0.0,0.0,0.042974501848220825
77,0.0,0.04198791831731796,0.003055235370993614,0.0,0.0,0.045043155550956726
78,0.0,0.054658763110637665,0.005073522217571735,0.0,0.0,0.059732284396886826
79,0.0,0.039651770144701004,0.002307850867509842,0.0,0.0,0.041959621012210846
80,0.0,0.03583226352930069,0.002239769557490945,0.0,0.0,0.03807203471660614
81,0.0,0.036432668566703796,0.0024367081932723522,0.0,0.0,0.038869377225637436
82,0.0,0.04489069804549217,0.0039528170600533485,0.0,0.0,0.048843514174222946
83,0.0,0.03251499682664871,0.0018250677967444062,0.0,0.0,0.034340064972639084
84,0.0,0.03338480740785599,0.0019371735397726297,0.0,0.0,0.035321980714797974
85,0.0,0.04030570015311241,0.0030957511626183987,0.0,0.0,0.04340144991874695
86,0.0,0.03850967437028885,0.002918359823524952,0.0,0.0,0.041428033262491226
87,0.0,0.03209030255675316,0.001987182069569826,0.0,0.0,0.0340774841606617
88,0.0,0.03554856777191162,0.0025220331735908985,0.0,0.0,0.03807060047984123
89,0.0,0.030581915751099586,0.0015945497434586287,0.0,0.0,0.032176464796066284
90,0.0,0.030901115387678146,0.0018471640069037676,0.0,0.0,0.032748278230428696
91,0.0,0.028145700693130493,0.0013887223321944475,0.0,0.0,0.02953442372381687
92,0.0,0.03725982457399368,0.0027906731702387333,0.0,0.0,0.04005049914121628
93,0.0,0.0377836599946022,0.002886539325118065,0.0,0.0,0.04067020118236542
94,0.0,0.028191881254315376,0.001481599174439907,0.0,0.0,0.02967347949743271
95,0.0,0.04552251100540161,0.0040996139869093895,0.0,0.0,0.049622125923633575
96,0.0,0.055478889495134354,0.005404779687523842,0.0,0.0,0.060883671045303345
97,0.0,0.05120903253555298,0.004649978131055832,0.0,0.0,0.05585901066660881
98,0.0,0.032758552581071854,0.0018637517932802439,0.0,0.0,0.034622304141521454
99,0.0,0.03322899341583252,0.0019295492675155401,0.0,0.0,0.035158541053533554
100,0.0,0.03744214400649071,0.002958698896691203,0.0,0.0,0.04040084406733513
101,0.0,0.03825630247592926,0.002896315883845091,0.0,0.0,0.04115261882543564
102,0.0,0.03505115583539009,0.0019420847529545426,0.0,0.0,0.03699323907494545
103,0.0,0.041912879794836044,0.0032877037301659584,0.0,0.0,0.04520058259367943
104,0.0,0.03587838262319565,0.002018590457737446,0.0,0.0,0.03789697214961052
105,0.0,0.05268170312047005,0.005082214251160622,0.0,0.0,0.05776391923427582
106,0.0,0.03618955984711647,0.0021661678329110146,0.0,0.0,0.03835572674870491
107,0.0,0.0367581769824028,0.0022561540827155113,0.0,0.0,0.03901433199644089
108,0.0,0.035086002200841904,0.0018629271071404219,0.0,0.0,0.036948930472135544
109,0.0,0.03939802944660187,0.0028153909370303154,0.0,0.0,0.04221342131495476
110,0.0,0.03513015806674957,0.0022418401204049587,0.0,0.0,0.03737199679017067
111,0.0,0.03809467703104019,0.00274096243083477,0.0,0.0,0.04083564132452011
112,0.0,0.03363589197397232,0.001966748619452119,0.0,0.0,0.035602640360593796
113,0.0,0.03033825010061264,0.0016631557373329997,0.0,0.0,0.03200140595436096
114,0.0,0.037229519337415695,0.002801627852022648,0.0,0.0,0.04003114625811577
115,0.0,0.030449578538537025,0.0016938578337430954,0.0,0.0,0.03214343637228012
116,0.0,0.03179536759853363,0.001857471070252359,0.0,0.0,0.033652838319540024
117,0.0,0.03218656778335571,0.0017565025482326746,0.0,0.0,0.03394307196140289
118,0.0,0.03268952667713165,0.0020200377330183983,0.0,0.0,0.034709565341472626
119,0.0,0.047289419919252396,0.0037770215421915054,0.0,0.0,0.05106644332408905
120,0.0,0.032591912895441055,0.0020357444882392883,0.0,0.0,0.034627657383680344
121,0.0,0.030536681413650513,0.001792999799363315,0.0,0.0,0.032329682260751724
122,0.0,0.03977835923433304,0.003200314473360777,0.0,0.0,0.0429786741733551
123,0.0,0.04636763036251068,0.003844480961561203,0.0,0.0,0.050212111324071884
124,0.0,0.030424583703279495,0.0019216835498809814,0.0,0.0,0.03234626725316048
125,0.0,0.03782464936375618,0.0024527539499104023,0.0,0.0,0.040277402848005295
126,0.0,0.056098151952028275,0.005588669329881668,0.0,0.0,0.06168682128190994
127,0.0,0.030000414699316025,0.0014930047327652574,0.0,0.0,0.0314934179186821
128,0.0,0.03363051265478134,0.002033699071034789,0.0,0.0,0.035664211958646774
129,0.0,0.0363590344786644,0.002099600387737155,0.0,0.0,0.03845863416790962
130,0.0,0.037330903112888336,0.002756518078967929,0.0,0.0,0.040087420493364334
131,0.0,0.04025997966527939,0.002802466042339802,0.0,0.0,0.043062444776296616
132,0.0,0.040351688861846924,0.0030551510863006115,0.0,0.0,0.04340684041380882
133,0.0,0.036953847855329514,0.0023448909632861614,0.0,0.0,0.03929873928427696
134,0.0,0.043882790952920914,0.0037839384749531746,0.0,0.0,0.047666728496551514
135,0.0,0.04126739874482155,0.0030683705117553473,0.0,0.0,0.04433576762676239
136,0.0,0.04355378448963165,0.0033850492909550667,0.0,0.0,0.046938832849264145
137,0.0,0.04554855823516846,0.0039046802558004856,0.0,0.0,0.049453239887952805
138,0.0,0.03844287991523743,0.0024101240560412407,0.0,0.0,0.04085300490260124
139,0.0,0.04059767723083496,0.0027036331593990326,0.0,0.0,0.043301310390233994
140,0.0,0.03399007022380829,0.0020554917864501476,0.0,0.0,0.036045562475919724
141,0.0,0.039030686020851135,0.002915297169238329,0.0,0.0,0.04194598272442818
142,0.0,0.03707541152834892,0.00255512073636055,0.0,0.0,0.03963053226470947
143,0.0,0.035795602947473526,0.0021626732777804136,0.0,0.0,0.03795827552676201
144,0.0,0.036009423434734344,0.0020002364180982113,0.0,0.0,0.038009658455848694
145,0.0,0.034495994448661804,0.00199500541202724,0.0,0.0,0.03649099916219711
146,0.0,0.03633556887507439,0.002615008968859911,0.0,0.0,0.03895057737827301
147,0.0,0.03421572968363762,0.0020256999414414167,0.0,0.0,0.036241430789232254
148,0.0,0.03279638662934303,0.0017437078058719635,0.0,0.0,0.034540094435214996
149,0.0,0.0714564397931099,0.007685467600822449,0.0,0.0,0.07914190739393234
150,0.0,0.0298885740339756,0.0015595045406371355,0.0,0.0,0.03144807741045952
151,0.0,0.03183840215206146,0.0017157364636659622,0.0,0.0,0.033554136753082275
152,0.0,0.030319418758153915,0.0015530390664935112,0.0,0.0,0.03187245875597
153,0.0,0.03378395363688469,0.0021544890478253365,0.0,0.0,0.03593844175338745
154,0.0,0.03535183146595955,0.0026971804909408092,0.0,0.0,0.038049012422561646
155,0.0,0.03939060866832733,0.003074340522289276,0.0,0.0,0.04246494919061661
156,0.0,0.057481035590171814,0.005534965544939041,0.0,0.0,0.06301599740982056
157,0.0,0.03524838760495186,0.0022452808916568756,0.0,0.0,0.037493668496608734
158,0.0,0.02939755469560623,0.001453002099879086,0.0,0.0,0.03085055761039257
159,0.0,0.0423831045627594,0.003709516953676939,0.0,0.0,0.046092621982097626
160,0.0,0.033901892602443695,0.0020822566002607346,0.0,0.0,0.03598415106534958
161,0.0,0.03180209919810295,0.0016720948042348027,0.0,0.0,0.03347419574856758
162,0.0,0.044592734426259995,0.0033606321085244417,0.0,0.0,0.04795336723327637
163,0.0,0.0360691100358963,0.0022113590966910124,0.0,0.0,0.03828046843409538
164,0.0,0.03106238879263401,0.0017251642420887947,0.0,0.0,0.03278755396604538
165,0.0,0.04078324884176254,0.003015977330505848,0.0,0.0,0.043799225240945816
166,0.0,0.038976043462753296,0.002663437742739916,0.0,0.0,0.041639480739831924
167,0.0,0.043454859405756,0.003442515153437853,0.0,0.0,0.04689737409353256
168,0.0,0.03607769310474396,0.0021126829087734222,0.0,0.0,0.03819037601351738
169,0.0,0.04326998442411423,0.0028341510333120823,0.0,0.0,0.04610413685441017
170,0.0,0.0327145978808403,0.0018855426460504532,0.0,0.0,0.034600138664245605
171,0.0,0.03350801765918732,0.0018085457850247622,0.0,0.0,0.03531656414270401
172,0.0,0.03519237041473389,0.002287562470883131,0.0,0.0,0.037479933351278305
173,0.0,0.042074259370565414,0.003365099662914872,0.0,0.0,0.04543935880064964
174,0.0,0.030281297862529755,0.0015190115664154291,0.0,0.0,0.03180031105875969
175,0.0,0.029989946633577347,0.0015357360243797302,0.0,0.0,0.03152568265795708
176,0.0,0.0357278548181057,0.002384705003350973,0.0,0.0,0.03811255842447281
177,0.0,0.032263193279504776,0.0017407373525202274,0.0,0.0,0.034003932029008865
178,0.0,0.031952694058418274,0.0018528969958424568,0.0,0.0,0.033805590122938156
179,0.0,0.05059850215911865,0.004306549206376076,0.0,0.0,0.05490504950284958
180,0.0,0.03337302803993225,0.0020088152959942818,0.0,0.0,0.03538184240460396
181,0.0,0.06589475274085999,0.00661283265799284,0.0,0.0,0.0725075826048851
182,0.0,0.031586043536663055,0.001947767217643559,0.0,0.0,0.03353381156921387
183,0.0,0.03738353028893471,0.0026640244759619236,0.0,0.0,0.04004755616188049
184,0.0,0.036523956805467606,0.0022087146062403917,0.0,0.0,0.03873267024755478
185,0.0,0.053114213049411774,0.004818659275770187,0.0,0.0,0.05793287232518196
186,0.0,0.036371320486068726,0.002347140107303858,0.0,0.0,0.038718461990356445
187,0.0,0.039819251745939255,0.002374751726165414,0.0,0.0,0.042194005101919174
188,0.0,0.03940937668085098,0.002412813948467374,0.0,0.0,0.04182219132781029
189,0.0,0.04092171788215637,0.0029721593018621206,0.0,0.0,0.043893877416849136
190,0.0,0.03598363697528839,0.002237128559499979,0.0,0.0,0.03822076693177223
191,0.0,0.039560332894325256,0.00278782332316041,0.0,0.0,0.04234815761446953
192,0.0,0.03584298491477966,0.0022389236837625504,0.0,0.0,0.038081906735897064
193,0.0,0.04028979688882828,0.0025573570746928453,0.0,0.0,0.042847152799367905
194,0.0,0.03710946440696716,0.0023215694818645716,0.0,0.0,0.03943103551864624
195,0.0,0.032642558217048645,0.001869916100986302,0.0,0.0,0.0345124751329422
196,0.0,0.03501066565513611,0.0024092551320791245,0.0,0.0,0.03741992264986038
197,0.0,0.030875425785779953,0.0017806384712457657,0.0,0.0,0.03265606611967087
198,0.0,0.03472854197025299,0.0022954726591706276,0.0,0.0,0.037024013698101044
199,0.0,0.04045090824365616,0.0032576369121670723,0.0,0.0,0.043708544224500656
200,0.0,0.03590185195207596,0.0026116594672203064,0.0,0.0,0.038513511419296265
201,0.0,0.027598975226283073,0.0013130512088537216,0.0,0.0,0.028912026435136795
202,0.0,0.04001186788082123,0.0034522106871008873,0.0,0.0,0.04346407949924469
203,0.0,0.050945669412612915,0.004327069036662579,0.0,0.0,0.05527273938059807
204,0.0,0.03690075874328613,0.0028702900744974613,0.0,0.0,0.039771050214767456
205,0.0,0.0779520720243454,0.009399283677339554,0.0,0.0,0.08735135197639465
206,0.0,0.0312926322221756,0.0018500550650060177,0.0,0.0,0.033142685890197754
207,0.0,0.03219813108444214,0.0018126907525584102,0.0,0.0,0.03401082009077072
208,0.0,0.04133283346891403,0.0030561545863747597,0.0,0.0,0.04438898712396622
209,0.0,0.043764255940914154,0.0036263384390622377,0.0,0.0,0.04739059507846832
210,0.0,0.03796492516994476,0.0026540099643170834,0.0,0.0,0.040618933737277985
211,0.0,0.04165685921907425,0.0030583180487155914,0.0,0.0,0.04471517726778984
212,0.0,0.038769543170928955,0.0026057660579681396,0.0,0.0,0.041375309228897095
213,0.0,0.03950205817818642,0.0025668232701718807,0.0,0.0,0.042068880051374435
214,0.0,0.04556705057621002,0.003948712721467018,0.0,0.0,0.04951576143503189
215,0.0,0.0369674488902092,0.0022355387918651104,0.0,0.0,0.039202988147735596
216,0.0,0.0346195325255394,0.001992825884371996,0.0,0.0,0.03661235794425011
217,0.0,0.03434804826974869,0.0020379286725074053,0.0,0.0,0.036385975778102875
218,0.0,0.03321254998445511,0.0020328289829194546,0.0,0.0,0.0352453775703907
219,0.0,0.05013054609298706,0.004231262020766735,0.0,0.0,0.05436180904507637
220,0.0,0.03772936016321182,0.0025677429512143135,0.0,0.0,0.04029710218310356
221,0.0,0.04717690497636795,0.004397597163915634,0.0,0.0,0.051574502140283585
222,0.0,0.038618169724941254,0.0027613507118076086,0.0,0.0,0.04137951880693436
223,0.0,0.039210245013237,0.0027871772181242704,0.0,0.0,0.04199742153286934
224,0.0,0.035708799958229065,0.0023424895480275154,0.0,0.0,0.038051288574934006
225,0.0,0.035246822983026505,0.0021410484332591295,0.0,0.0,0.037387870252132416
226,0.0,0.03482161834836006,0.0022313962690532207,0.0,0.0,0.03705301508307457
227,0.0,0.03533795475959778,0.0024228678084909916,0.0,0.0,0.03776082396507263
228,0.0,0.03427346050739288,0.0021282057277858257,0.0,0.0,0.036401666700839996
229,0.0,0.03726360201835632,0.002528604818508029,0.0,0.0,0.03979220613837242
230,0.0,0.05640219897031784,0.005317192059010267,0.0,0.0,0.061719391494989395
231,0.0,0.033076830208301544,0.0019124774262309074,0.0,0.0,0.034989308565855026
232,0.0,0.04192155599594116,0.003067096695303917,0.0,0.0,0.04498865455389023
233,0.0,0.06831631064414978,0.007609615568071604,0.0,0.0,0.07592592388391495
234,0.0,0.033257510513067245,0.0017572971992194653,0.0,0.0,0.035014808177948
235,0.0,0.04074477404356003,0.0030037029646337032,0.0,0.0,0.04374847561120987
236,0.0,0.03778478130698204,0.0024856324307620525,0.0,0.0,0.04027041420340538
237,0.0,0.03786803036928177,0.0025807858910411596,0.0,0.0,0.04044881463050842
238,0.0,0.038064539432525635,0.0027450318448245525,0.0,0.0,0.040809571743011475
239,0.0,0.03793726861476898,0.00269135320559144,0.0,0.0,0.040628623217344284
240,0.0,0.03724837675690651,0.002560958731919527,0.0,0.0,0.03980933502316475
241,0.0,0.03260018303990364,0.0016707470640540123,0.0,0.0,0.03427093103528023
242,0.0,0.03680219501256943,0.00226155505515635,0.0,0.0,0.03906375169754028
243,0.0,0.04015669599175453,0.0030111493542790413,0.0,0.0,0.043167844414711
244,0.0,0.036763258278369904,0.002623985055834055,0.0,0.0,0.03938724473118782
245,0.0,0.035535961389541626,0.0023619718849658966,0.0,0.0,0.03789793327450752
246,0.0,0.02981274202466011,0.0015011661453172565,0.0,0.0,0.031313907355070114
247,0.0,0.04756125062704086,0.003929704427719116,0.0,0.0,0.05149095505475998
248,0.0,0.03732987865805626,0.0028516799211502075,0.0,0.0,0.04018155857920647
249,0.0,0.03844258561730385,0.0030543822795152664,0.0,0.0,0.041496969759464264
250,0.0,0.03756409138441086,0.0028844010084867477,0.0,0.0,0.040448494255542755
251,0.0,0.06609636545181274,0.006895613856613636,0.0,0.0,0.0729919821023941
252,0.0,0.05747392028570175,0.005290514789521694,0.0,0.0,0.06276443600654602
253,0.0,0.0410839319229126,0.0029854518361389637,0.0,0.0,0.044069383293390274
254,0.0,0.03149566799402237,0.0017093252390623093,0.0,0.0,0.03320499509572983
255,0.0,0.03723132610321045,0.0026651578955352306,0.0,0.0,0.03989648446440697
256,0.0,0.04146015644073486,0.00244907196611166,0.0,0.0,0.0439092293381691
257,0.0,0.040640540421009064,0.0031013316474854946,0.0,0.0,0.043741870671510696
258,0.0,0.04136209562420845,0.0026431907899677753,0.0,0.0,0.04400528594851494
259,0.0,0.04970000684261322,0.0034711011685431004,0.0,0.0,0.05317110940814018
260,0.0,0.03813486546278,0.0025149944704025984,0.0,0.0,0.040649861097335815
261,0.0,0.04747193679213524,0.0038861879147589207,0.0,0.0,0.05135812610387802
262,0.0,0.04318508505821228,0.0031515939626842737,0.0,0.0,0.04633668065071106
263,0.0,0.03853747993707657,0.002381738508120179,0.0,0.0,0.040919218212366104
264,0.0,0.03612585738301277,0.002396412193775177,0.0,0.0,0.03852226957678795
265,0.0,0.037962161004543304,0.0027065379545092583,0.0,0.0,0.04066869989037514
266,0.0,0.05890432745218277,0.005512600764632225,0.0,0.0,0.06441693007946014
267,0.0,0.033488258719444275,0.001989764627069235,0.0,0.0,0.03547802194952965
268,0.0,0.05758234113454819,0.005383659154176712,0.0,0.0,0.0629660040140152
269,0.0,0.05586108937859535,0.0053173028863966465,0.0,0.0,0.06117839366197586
270,0.0,0.0393950492143631,0.0029396419413387775,0.0,0.0,0.04233469069004059
271,0.0,0.03542713820934296,0.0021316385827958584,0.0,0.0,0.03755877539515495
272,0.0,0.03799509257078171,0.002226106356829405,0.0,0.0,0.0402211993932724
273,0.0,0.0364997535943985,0.0020424271933734417,0.0,0.0,0.03854218125343323
274,0.0,0.034949880093336105,0.0021078833378851414,0.0,0.0,0.03705776482820511
275,0.0,0.03868890553712845,0.0031595719046890736,0.0,0.0,0.041848476976156235
276,0.0,0.0326416902244091,0.0017453955952078104,0.0,0.0,0.03438708558678627
277,0.0,0.033278003334999084,0.0019325066823512316,0.0,0.0,0.0352105088531971
278,0.0,0.03487991541624069,0.0023205960169434547,0.0,0.0,0.03720051050186157
279,0.0,0.03854767605662346,0.0028747280593961477,0.0,0.0,0.04142240434885025
280,0.0,0.05270705372095108,0.0047493185847997665,0.0,0.0,0.057456374168395996
281,0.0,0.03086278773844242,0.0017133275978267193,0.0,0.0,0.03257611393928528
282,0.0,0.03497476875782013,0.0018615605076774955,0.0,0.0,0.036836329847574234
283,0.0,0.0313030481338501,0.001623519347049296,0.0,0.0,0.032926566898822784
284,0.0,0.027896443381905556,0.0012997537851333618,0.0,0.0,0.029196197167038918
285,0.0,0.03045623190701008,0.0017745867371559143,0.0,0.0,0.032230816781520844
286,0.0,0.04493880644440651,0.0034833301324397326,0.0,0.0,0.048422135412693024
287,0.0,0.027845080941915512,0.001474659307859838,0.0,0.0,0.02931974083185196
288,0.0,0.040882062166929245,0.00331692211329937,0.0,0.0,0.044198982417583466
289,0.0,0.06260040402412415,0.006433448754251003,0.0,0.0,0.06903385370969772
290,0.0,0.041292138397693634,0.0031912182457745075,0.0,0.0,0.044483356177806854
291,0.0,0.033659376204013824,0.0021688996348530054,0.0,0.0,0.035828277468681335
292,0.0,0.03069620206952095,0.001580077689141035,0.0,0.0,0.03227628022432327
293,0.0,0.04145821928977966,0.0031728595495224,0.0,0.0,0.04463107883930206
294,0.0,0.048233747482299805,0.0039709098637104034,0.0,0.0,0.05220465734601021
295,0.0,0.037092335522174835,0.0019598770886659622,0.0,0.0,0.03905221074819565
296,0.0,0.03728926554322243,0.0022714328952133656,0.0,0.0,0.039560697972774506
297,0.0,0.04014366865158081,0.002506570890545845,0.0,0.0,0.042650237679481506
298,0.0,0.04402155429124832,0.0037505654618144035,0.0,0.0,0.0477721206843853
299,1.0,0.04080203175544739,0.0028209059964865446,0.0,0.0,0.043622937053442
300,1.0,0.03760477900505066,0.002741293516010046,0.0,0.0,0.04034607112407684
301,1.0,0.041654348373413086,0.0030878856778144836,0.0,0.0,0.04474223405122757
302,1.0,0.037304509431123734,0.0024294850882142782,0.0,0.0,0.039733994752168655
303,1.0,0.03636350855231285,0.0023837564513087273,0.0,0.0,0.03874726593494415
304,1.0,0.033332958817481995,0.0020389712881296873,0.0,0.0,0.03537192940711975
305,1.0,0.0347505584359169,0.0021728654392063618,0.0,0.0,0.036923423409461975
306,1.0,0.0325169637799263,0.0019092017319053411,0.0,0.0,0.034426163882017136
307,1.0,0.028735168278217316,0.001491948845796287,0.0,0.0,0.030227117240428925
308,1.0,0.0493781641125679,0.004061914049088955,0.0,0.0,0.05344007909297943
309,1.0,0.031215498223900795,0.0019403386395424604,0.0,0.0,0.033155836164951324
310,1.0,0.04970483481884003,0.004232550039887428,0.0,0.0,0.053937382996082306
311,1.0,0.03268231451511383,0.001958003966137767,0.0,0.0,0.034640319645404816
312,1.0,0.06256304681301117,0.006384127773344517,0.0,0.0,0.06894717365503311
313,1.0,0.03496221452951431,0.002022216096520424,0.0,0.0,0.03698442876338959
314,1.0,0.03982657194137573,0.002835555002093315,0.0,0.0,0.0426621288061142
315,1.0,0.032790012657642365,0.0017687606159597635,0.0,0.0,0.034558773040771484
316,1.0,0.03522879630327225,0.002308990340679884,0.0,0.0,0.03753778710961342
317,1.0,0.03779883310198784,0.002193487249314785,0.0,0.0,0.0399923212826252
318,1.0,0.036842718720436096,0.00276448973454535,0.0,0.0,0.0396072082221508
319,1.0,0.03170916065573692,0.0018018167465925217,0.0,0.0,0.033510975539684296
320,1.0,0.03484431654214859,0.001917386194691062,0.0,0.0,0.036761701107025146
321,1.0,0.03601232171058655,0.0020997710525989532,0.0,0.0,0.0381120927631855
322,1.0,0.039102643728256226,0.0028869425877928734,0.0,0.0,0.041989587247371674
323,1.0,0.06665875017642975,0.007374008186161518,0.0,0.0,0.07403276115655899
324,1.0,0.04063841700553894,0.0032924870029091835,0.0,0.0,0.04393090307712555
325,1.0,0.03652222454547882,0.002242470160126686,0.0,0.0,0.03876469284296036
326,1.0,0.03552093729376793,0.0021081645973026752,0.0,0.0,0.03762910142540932
327,1.0,0.04178374260663986,0.003106240648776293,0.0,0.0,0.04488998278975487
328,1.0,0.04114052653312683,0.0029809651896357536,0.0,0.0,0.04412149265408516
329,1.0,0.03593859821557999,0.0019521779613569379,0.0,0.0,0.03789077699184418
330,1.0,0.03576986491680145,0.0022893815767019987,0.0,0.0,0.03805924579501152
331,1.0,0.038254477083683014,0.0025094421580433846,0.0,0.0,0.040763918310403824
332,1.0,0.03819764405488968,0.0027224388904869556,0.0,0.0,0.04092008247971535
333,1.0,0.04689642786979675,0.0038975547067821026,0.0,0.0,0.05079398304224014
334,1.0,0.03586777299642563,0.0024906955659389496,0.0,0.0,0.03835846856236458
335,1.0,0.0335991233587265,0.0018422948196530342,0.0,0.0,0.03544141724705696
336,1.0,0.05841090902686119,0.0056365663185715675,0.0,0.0,0.06404747813940048
337,1.0,0.03962624445557594,0.0033383541740477085,0.0,0.0,0.04296460002660751
338,1.0,0.037577155977487564,0.0026616211980581284,0.0,0.0,0.04023877531290054
339,1.0,0.03248792141675949,0.0017037040088325739,0.0,0.0,0.03419162705540657
340,1.0,0.036191195249557495,0.002050112932920456,0.0,0.0,0.03824130818247795
341,1.0,0.03477302938699722,0.0018856481183320284,0.0,0.0,0.03665867820382118
342,1.0,0.038322120904922485,0.0029544360004365444,0.0,0.0,0.04127655550837517
343,1.0,0.03159046918153763,0.001777556026354432,0.0,0.0,0.03336802497506142
344,1.0,0.029644299298524857,0.0014772835420444608,0.0,0.0,0.03112158365547657
345,1.0,0.03130143880844116,0.0016091549769043922,0.0,0.0,0.03291059285402298
346,1.0,0.0656384751200676,0.006944045424461365,0.0,0.0,0.07258252054452896
347,1.0,0.03699151426553726,0.00283682974986732,0.0,0.0,0.0398283451795578
348,1.0,0.031295016407966614,0.0017691656248643994,0.0,0.0,0.033064182847738266
349,1.0,0.042744264006614685,0.0032937354408204556,0.0,0.0,0.04603799805045128
350,1.0,0.06431212276220322,0.006407072301954031,0.0,0.0,0.07071919739246368
351,1.0,0.038050781935453415,0.002873951569199562,0.0,0.0,0.040924735367298126
352,1.0,0.052354875952005386,0.004739326890558004,0.0,0.0,0.05709420144557953
353,1.0,0.03890656679868698,0.002758374437689781,0.0,0.0,0.04166494309902191
354,1.0,0.03709273040294647,0.0023103663697838783,0.0,0.0,0.039403095841407776
355,1.0,0.04071319103240967,0.002857520943507552,0.0,0.0,0.043570712208747864
356,1.0,0.04711107164621353,0.0036257777828723192,0.0,0.0,0.05073684826493263
357,1.0,0.04072389751672745,0.0025652325712144375,0.0,0.0,0.04328912869095802
358,1.0,0.04031173512339592,0.002407042309641838,0.0,0.0,0.04271877557039261
359,1.0,0.0386233814060688,0.002156788483262062,0.0,0.0,0.04078017175197601
360,1.0,0.056222379207611084,0.005579720251262188,0.0,0.0,0.06180210039019585
361,1.0,0.03924180567264557,0.0028302595019340515,0.0,0.0,0.04207206517457962
362,1.0,0.0381254181265831,0.0024396611843258142,0.0,0.0,0.04056508094072342
363,1.0,0.03352251276373863,0.00205979379825294,0.0,0.0,0.03558230772614479
364,1.0,0.03494551405310631,0.0021255039609968662,0.0,0.0,0.037071019411087036
365,1.0,0.03446751832962036,0.00225730799138546,0.0,0.0,0.03672482818365097
366,1.0,0.03551934286952019,0.0022948207333683968,0.0,0.0,0.03781416267156601
367,1.0,0.034226804971694946,0.001972675323486328,0.0,0.0,0.036199480295181274
368,1.0,0.03735451027750969,0.0028461581096053123,0.0,0.0,0.040200669318437576
369,1.0,0.03578866273164749,0.0026081837713718414,0.0,0.0,0.03839684650301933
370,1.0,0.029120977967977524,0.0014840905787423253,0.0,0.0,0.030605068430304527
371,1.0,0.08310575783252716,0.010212274268269539,0.0,0.0,0.09331803023815155
372,1.0,0.03437862917780876,0.0022177016362547874,0.0,0.0,0.036596331745386124
373,1.0,0.029363691806793213,0.0013637410011142492,0.0,0.0,0.030727433040738106
374,1.0,0.02995995432138443,0.001675511710345745,0.0,0.0,0.03163546696305275
375,1.0,0.032485298812389374,0.0018942294409498572,0.0,0.0,0.03437952697277069
376,1.0,0.05334680527448654,0.005284769460558891,0.0,0.0,0.05863157659769058
377,1.0,0.028076734393835068,0.0013591150054708123,0.0,0.0,0.02943584881722927
378,1.0,0.0371430441737175,0.00273526506498456,0.0,0.0,0.03987830877304077
379,1.0,0.03443652391433716,0.0021330835297703743,0.0,0.0,0.03656960651278496
380,1.0,0.03412473946809769,0.002063593827188015,0.0,0.0,0.036188334226608276
381,1.0,0.03903608024120331,0.0029680118896067142,0.0,0.0,0.042004093527793884
382,1.0,0.03312818706035614,0.0018386102747172117,0.0,0.0,0.03496679663658142
383,1.0,0.03480296581983566,0.00207922444678843,0.0,0.0,0.0368821918964386
384,1.0,0.04417066276073456,0.0034798330161720514,0.0,0.0,0.047650497406721115
385,1.0,0.04000260680913925,0.0030917387921363115,0.0,0.0,0.043094344437122345
386,1.0,0.0349578931927681,0.0019104410894215107,0.0,0.0,0.03686833381652832
387,1.0,0.035420529544353485,0.002164585515856743,0.0,0.0,0.03758511692285538
388,1.0,0.03543365001678467,0.0022116973996162415,0.0,0.0,0.03764534741640091
389,1.0,0.04030890762805939,0.0029805153608322144,0.0,0.0,0.0432894229888916
390,1.0,0.039698101580142975,0.003326874226331711,0.0,0.0,0.043024975806474686
391,1.0,0.031211599707603455,0.0017282566986978054,0.0,0.0,0.0329398550093174
392,1.0,0.037928175181150436,0.0027929279021918774,0.0,0.0,0.0407211035490036
393,1.0,0.030644912272691727,0.0015351880574598908,0.0,0.0,0.03218010067939758
394,1.0,0.035519443452358246,0.002205811208114028,0.0,0.0,0.03772525489330292
395,1.0,0.03738591820001602,0.0028119708877056837,0.0,0.0,0.040197890251874924
396,1.0,0.03616197407245636,0.002479183254763484,0.0,0.0,0.03864115849137306
397,1.0,0.054896239191293716,0.005247875116765499,0.0,0.0,0.06014411523938179
398,1.0,0.05314069241285324,0.00497072609141469,0.0,0.0,0.058111418038606644
399,1.0,0.043860726058483124,0.0032778987661004066,0.0,0.0,0.047138623893260956
400,1.0,0.04940140247344971,0.004200467374175787,0.0,0.0,0.05360186845064163
401,1.0,0.03561345860362053,0.0019547929987311363,0.0,0.0,0.03756825253367424
402,1.0,0.04065416008234024,0.0030802199617028236,0.0,0.0,0.04373437911272049
403,1.0,0.04508506879210472,0.0029172382783144712,0.0,0.0,0.04800230637192726
404,1.0,0.04216083139181137,0.00307157333008945,0.0,0.0,0.04523240402340889
405,1.0,0.048923954367637634,0.003582949284464121,0.0,0.0,0.05250690504908562
406,1.0,0.042558349668979645,0.003127379808574915,0.0,0.0,0.04568573087453842
407,1.0,0.04457502439618111,0.0029748152010142803,0.0,0.0,0.047549840062856674
408,1.0,0.04678495600819588,0.0031227143481373787,0.0,0.0,0.04990766942501068
409,1.0,0.041955962777137756,0.002739378483965993,0.0,0.0,0.04469534009695053
410,1.0,0.034968361258506775,0.0022173908073455095,0.0,0.0,0.037185750901699066
411,1.0,0.046555861830711365,0.003805870655924082,0.0,0.0,0.05036173388361931
412,1.0,0.039322514086961746,0.002698491560295224,0.0,0.0,0.0420210063457489
413,1.0,0.03936195373535156,0.0027873984072357416,0.0,0.0,0.04214935377240181
414,1.0,0.03666914999485016,0.0025538108311593533,0.0,0.0,0.03922295942902565
415,1.0,0.0496835820376873,0.004163702949881554,0.0,0.0,0.053847283124923706
416,1.0,0.0383245050907135,0.0027428416069597006,0.0,0.0,0.041067346930503845
417,1.0,0.03576040640473366,0.0024344923440366983,0.0,0.0,0.03819489851593971
418,1.0,0.03128121420741081,0.0017423571553081274,0.0,0.0,0.033023569732904434
419,1.0,0.042734675109386444,0.003100036643445492,0.0,0.0,0.04583471268415451
420,1.0,0.033485036343336105,0.0017982081044465303,0.0,0.0,0.03528324514627457
421,1.0,0.03549448400735855,0.0024967212229967117,0.0,0.0,0.037991203367710114
422,1.0,0.03905787318944931,0.0032914148177951574,0.0,0.0,0.04234928637742996
423,1.0,0.03556894510984421,0.002256804844364524,0.0,0.0,0.037825748324394226
424,1.0,0.038320187479257584,0.0025028767995536327,0.0,0.0,0.040823064744472504
425,1.0,0.03348325565457344,0.0020304135978221893,0.0,0.0,0.03551366925239563
426,1.0,0.046344466507434845,0.004177231341600418,0.0,0.0,0.05052169784903526
427,1.0,0.039511166512966156,0.0030252919532358646,0.0,0.0,0.04253645986318588
428,1.0,0.03978172689676285,0.0028327142354100943,0.0,0.0,0.042614441365003586
429,1.0,0.052321068942546844,0.004452709574252367,0.0,0.0,0.056773778051137924
430,1.0,0.037974365055561066,0.002595033496618271,0.0,0.0,0.04056939855217934
431,1.0,0.04094010964035988,0.00265020364895463,0.0,0.0,0.04359031468629837
432,1.0,0.04124990850687027,0.002608933951705694,0.0,0.0,0.0438588410615921
433,1.0,0.038769371807575226,0.0024620038457214832,0.0,0.0,0.04123137518763542
434,1.0,0.0403083935379982,0.0025083376094698906,0.0,0.0,0.042816732078790665
435,1.0,0.039733946323394775,0.002266406547278166,0.0,0.0,0.04200035333633423
436,1.0,0.04283912479877472,0.0030685903038829565,0.0,0.0,0.04590771347284317
437,1.0,0.03838696703314781,0.002497312380000949,0.0,0.0,0.04088427871465683
438,1.0,0.03930699825286865,0.0023431836161762476,0.0,0.0,0.041650183498859406
439,1.0,0.03854018449783325,0.002203477080911398,0.0,0.0,0.04074366018176079
440,1.0,0.057649075984954834,0.005279272794723511,0.0,0.0,0.06292834877967834
441,1.0,0.031419914215803146,0.0016450434923171997,0.0,0.0,0.033064957708120346
442,1.0,0.03232678398489952,0.0016952874138951302,0.0,0.0,0.034022070467472076
443,1.0,0.03155171871185303,0.0017692134715616703,0.0,0.0,0.03332093358039856
444,1.0,0.04769052565097809,0.003934679087251425,0.0,0.0,0.05162520334124565
445,1.0,0.039866745471954346,0.00322829931974411,0.0,0.0,0.043095044791698456
446,1.0,0.03094300627708435,0.0017669505905359983,0.0,0.0,0.03270995616912842
447,1.0,0.04639192670583725,0.003848100546747446,0.0,0.0,0.05024002864956856
448,1.0,0.03426721692085266,0.0021377243101596832,0.0,0.0,0.036404941231012344
449,1.0,0.031632937490940094,0.0018165321089327335,0.0,0.0,0.03344947099685669
450,1.0,0.03109109029173851,0.001822513178922236,0.0,0.0,0.03291360288858414
451,1.0,0.04638809710741043,0.003699673805385828,0.0,0.0,0.05008777230978012
452,1.0,0.031830623745918274,0.0018848686013370752,0.0,0.0,0.033715493977069855
453,1.0,0.035708196461200714,0.002080498728901148,0.0,0.0,0.037788696587085724
454,1.0,0.033705934882164,0.0022468408569693565,0.0,0.0,0.03595277667045593
455,1.0,0.035034433007240295,0.0022697187960147858,0.0,0.0,0.03730415180325508
456,1.0,0.0526542142033577,0.005277980584651232,0.0,0.0,0.05793219432234764
457,1.0,0.031174901872873306,0.0017716747242957354,0.0,0.0,0.03294657543301582
458,1.0,0.03427427262067795,0.0018893853994086385,0.0,0.0,0.036163657903671265
459,1.0,0.05410027876496315,0.004791762214154005,0.0,0.0,0.05889204144477844
460,1.0,0.04811696708202362,0.00390189653262496,0.0,0.0,0.05201886221766472
461,1.0,0.03429502993822098,0.002085791900753975,0.0,0.0,0.0363808199763298
462,1.0,0.045266129076480865,0.003685747506096959,0.0,0.0,0.048951875418424606
463,1.0,0.04401739314198494,0.003581676632165909,0.0,0.0,0.04759906977415085
464,1.0,0.039595216512680054,0.0021672393195331097,0.0,0.0,0.04176245629787445
465,1.0,0.03645358234643936,0.00207757786847651,0.0,0.0,0.03853116184473038
466,1.0,0.03901355713605881,0.0023324531503021717,0.0,0.0,0.04134600982069969
467,1.0,0.04064119607210159,0.0025378100108355284,0.0,0.0,0.04317900538444519
468,1.0,0.03682691976428032,0.0022201435640454292,0.0,0.0,0.039047062397003174
469,1.0,0.035256341099739075,0.002154165878891945,0.0,0.0,0.03741050511598587
470,1.0,0.037939295172691345,0.0023991987109184265,0.0,0.0,0.04033849388360977
471,1.0,0.032955557107925415,0.0018802337581291795,0.0,0.0,0.03483578935265541
472,1.0,0.03329641744494438,0.0021067906636744738,0.0,0.0,0.03540320694446564
473,1.0,0.030052386224269867,0.00166803365573287,0.0,0.0,0.031720418483018875
474,1.0,0.047662701457738876,0.003966842778027058,0.0,0.0,0.05162954330444336
475,1.0,0.029543336480855942,0.0016400797758251429,0.0,0.0,0.03118341602385044
476,1.0,0.028289612382650375,0.001365145668387413,0.0,0.0,0.02965475805103779
477,1.0,0.03627712279558182,0.002672957256436348,0.0,0.0,0.038950078189373016
478,1.0,0.047012969851493835,0.003880371805280447,0.0,0.0,0.05089334025979042
479,1.0,0.02979234978556633,0.0016790148802101612,0.0,0.0,0.031471364200115204
480,1.0,0.0394304133951664,0.0031388630159199238,0.0,0.0,0.042569275945425034
481,1.0,0.02995743229985237,0.0017236797139048576,0.0,0.0,0.0316811129450798
482,1.0,0.037759359925985336,0.0029816338792443275,0.0,0.0,0.04074099287390709
483,1.0,0.04700276255607605,0.0039726803079247475,0.0,0.0,0.05097544193267822
484,1.0,0.03733367845416069,0.002852075267583132,0.0,0.0,0.040185753256082535
485,1.0,0.04302335903048515,0.003358245827257633,0.0,0.0,0.04638160392642021
486,1.0,0.03294140100479126,0.001927422359585762,0.0,0.0,0.03486882150173187
487,1.0,0.03361024707555771,0.0020723461639136076,0.0,0.0,0.035682592540979385
488,1.0,0.03905004262924194,0.0029683317989110947,0.0,0.0,0.04201837629079819
489,1.0,0.03579437732696533,0.002291180193424225,0.0,0.0,0.03808555752038956
490,1.0,0.04216841608285904,0.0035782577469944954,0.0,0.0,0.04574667289853096
491,1.0,0.04596720635890961,0.0030282349325716496,0.0,0.0,0.04899544268846512
492,1.0,0.043274398893117905,0.002865654183551669,0.0,0.0,0.04614005237817764
493,1.0,0.04060269147157669,0.002525032963603735,0.0,0.0,0.043127723038196564
494,1.0,0.04138703644275665,0.0027538002468645573,0.0,0.0,0.04414083808660507
495,1.0,0.041545968502759933,0.0034698699600994587,0.0,0.0,0.045015837997198105
496,1.0,0.03686434403061867,0.0022387420758605003,0.0,0.0,0.03910308703780174
497,1.0,0.041161272674798965,0.0026429621502757072,0.0,0.0,0.04380423575639725
498,1.0,0.033124107867479324,0.0018809277098625898,0.0,0.0,0.03500503674149513
499,1.0,0.037586621940135956,0.0026683644391596317,0.0,0.0,0.04025498777627945
500,1.0,0.042464181780815125,0.0030470939818769693,0.0,0.0,0.04551127552986145
501,1.0,0.03465171903371811,0.0022578900679945946,0.0,0.0,0.03690961003303528
502,1.0,0.03047420084476471,0.0017339321784675121,0.0,0.0,0.03220813348889351
503,1.0,0.030022915452718735,0.0016547776758670807,0.0,0.0,0.031677693128585815
504,1.0,0.03957090526819229,0.0031803196761757135,0.0,0.0,0.04275122657418251
505,1.0,0.0675697922706604,0.006857552565634251,0.0,0.0,0.07442734390497208
506,1.0,0.04006781429052353,0.002977952128276229,0.0,0.0,0.0430457666516304
507,1.0,0.030100077390670776,0.0016979745123535395,0.0,0.0,0.03179805353283882
508,1.0,0.07250925898551941,0.00813356600701809,0.0,0.0,0.08064282685518265
509,1.0,0.0289043877273798,0.0014303697971627116,0.0,0.0,0.030334757640957832
510,1.0,0.045098282396793365,0.0036831959150731564,0.0,0.0,0.04878147691488266
511,1.0,0.03322996944189072,0.0018163613276556134,0.0,0.0,0.03504633158445358
512,1.0,0.03411490470170975,0.0020436132326722145,0.0,0.0,0.03615851700305939
513,1.0,0.03623289614915848,0.002014876576140523,0.0,0.0,0.03824777156114578
514,1.0,0.038873616605997086,0.0023979642428457737,0.0,0.0,0.04127158224582672
515,1.0,0.03655598312616348,0.0022494832519441843,0.0,0.0,0.03880546614527702
516,1.0,0.03814481198787689,0.002902683801949024,0.0,0.0,0.04104749485850334
517,1.0,0.034966446459293365,0.002287693787366152,0.0,0.0,0.03725413978099823
518,1.0,0.04804876446723938,0.004469915293157101,0.0,0.0,0.052518680691719055
519,1.0,0.03312751650810242,0.0020717857405543327,0.0,0.0,0.035199303179979324
520,1.0,0.04218396916985512,0.00348011776804924,0.0,0.0,0.04566408693790436
521,1.0,0.039613790810108185,0.0024235111195594072,0.0,0.0,0.042037300765514374
522,1.0,0.03588128089904785,0.0023965153377503157,0.0,0.0,0.038277797400951385
523,1.0,0.03511250764131546,0.0024183313362300396,0.0,0.0,0.03753083944320679
524,1.0,0.036629483103752136,0.002737162634730339,0.0,0.0,0.039366647601127625
525,1.0,0.06514935195446014,0.006690210662782192,0.0,0.0,0.07183956354856491
526,1.0,0.028715673834085464,0.0013895683223381639,0.0,0.0,0.030105242505669594
527,1.0,0.03489851579070091,0.001965148840099573,0.0,0.0,0.03686366602778435
528,1.0,0.04231465980410576,0.0031227145809680223,0.0,0.0,0.04543737322092056
529,1.0,0.03640737384557724,0.0026164858136326075,0.0,0.0,0.03902386128902435
530,1.0,0.05106545239686966,0.004391693044453859,0.0,0.0,0.05545714497566223
531,1.0,0.03312627226114273,0.002059565857052803,0.0,0.0,0.035185836255550385
532,1.0,0.032890256494283676,0.0019006646471098065,0.0,0.0,0.034790921956300735
533,1.0,0.03228175267577171,0.0016987345879897475,0.0,0.0,0.033980488777160645
534,1.0,0.03668000549077988,0.0025532725267112255,0.0,0.0,0.03923327848315239
535,1.0,0.03352537006139755,0.002110766712576151,0.0,0.0,0.035636138170957565
536,1.0,0.04061122238636017,0.002945916261523962,0.0,0.0,0.04355713725090027
537,1.0,0.0598609521985054,0.006033150479197502,0.0,0.0,0.06589410454034805
538,1.0,0.03727369010448456,0.0029054025653749704,0.0,0.0,0.040179092437028885
539,1.0,0.0319850854575634,0.0018017502734437585,0.0,0.0,0.0337868370115757
540,1.0,0.033797942101955414,0.001975037157535553,0.0,0.0,0.03577297925949097
541,1.0,0.03502451628446579,0.002122987527400255,0.0,0.0,0.03714750334620476
542,1.0,0.034300610423088074,0.0020450307056307793,0.0,0.0,0.03634564206004143
543,1.0,0.040892429649829865,0.0033940570428967476,0.0,0.0,0.04428648576140404
544,1.0,0.04672396555542946,0.004186500329524279,0.0,0.0,0.05091046541929245
545,1.0,0.040015384554862976,0.0025108151603490114,0.0,0.0,0.04252620041370392
546,1.0,0.03134411573410034,0.0017356700263917446,0.0,0.0,0.033079784363508224
547,1.0,0.03607955574989319,0.0025456929579377174,0.0,0.0,0.03862524777650833
548,1.0,0.05882461369037628,0.005865602754056454,0.0,0.0,0.06469021737575531
549,1.0,0.0382448174059391,0.00276135909371078,0.0,0.0,0.0410061776638031
550,1.0,0.03309603035449982,0.0019078399054706097,0.0,0.0,0.035003870725631714
551,1.0,0.04698226600885391,0.0042134299874305725,0.0,0.0,0.051195695996284485
552,1.0,0.04166622459888458,0.0033359969966113567,0.0,0.0,0.04500222206115723
553,1.0,0.038192398846149445,0.002666521817445755,0.0,0.0,0.0408589206635952
554,1.0,0.034527234733104706,0.0018750306917354465,0.0,0.0,0.03640226647257805
555,1.0,0.038070499897003174,0.0026400769129395485,0.0,0.0,0.04071057587862015
556,1.0,0.03754885122179985,0.0022999218199402094,0.0,0.0,0.039848774671554565
557,1.0,0.03697870671749115,0.0022422003094106913,0.0,0.0,0.0392209067940712
558,1.0,0.03908875584602356,0.002589716576039791,0.0,0.0,0.041678473353385925
559,1.0,0.0359288826584816,0.0020112795755267143,0.0,0.0,0.03794016316533089
560,1.0,0.037644658237695694,0.002270951634272933,0.0,0.0,0.03991561010479927
561,1.0,0.03881533443927765,0.0029628141783177853,0.0,0.0,0.04177814722061157
562,1.0,0.03580865263938904,0.0025494094006717205,0.0,0.0,0.038358062505722046
563,1.0,0.03717583045363426,0.002793867141008377,0.0,0.0,0.03996969759464264
564,1.0,0.039187148213386536,0.003033677814528346,0.0,0.0,0.0422208271920681
565,1.0,0.06639613956212997,0.006911528762429953,0.0,0.0,0.07330767065286636
566,1.0,0.03492620214819908,0.0025306004099547863,0.0,0.0,0.037456803023815155
567,1.0,0.03024422936141491,0.0016159170772880316,0.0,0.0,0.031860146671533585
568,1.0,0.03707519918680191,0.00272834999486804,0.0,0.0,0.03980354964733124
569,1.0,0.0283526461571455,0.001506227534264326,0.0,0.0,0.029858874157071114
570,1.0,0.03743380680680275,0.002851534401997924,0.0,0.0,0.04028534144163132
571,1.0,0.0296139158308506,0.001489871647208929,0.0,0.0,0.031103787943720818
572,1.0,0.032495900988578796,0.0018717516213655472,0.0,0.0,0.034367650747299194
573,1.0,0.03100537322461605,0.0019190094899386168,0.0,0.0,0.032924383878707886
574,1.0,0.03530886024236679,0.0023918631486594677,0.0,0.0,0.037700723856687546
575,1.0,0.0315946526825428,0.0018652828875929117,0.0,0.0,0.03345993533730507
576,1.0,0.027594059705734253,0.0013453434221446514,0.0,0.0,0.02893940359354019
577,1.0,0.035097647458314896,0.002327334601432085,0.0,0.0,0.03742498159408569
578,1.0,0.03249145299196243,0.0020373216830193996,0.0,0.0,0.03452877327799797
579,1.0,0.034235961735248566,0.0022285699378699064,0.0,0.0,0.03646453097462654
580,1.0,0.03019319660961628,0.0015618823235854506,0.0,0.0,0.031755078583955765
581,1.0,0.03749241679906845,0.0029099814128130674,0.0,0.0,0.04040239751338959
582,1.0,0.027681879699230194,0.00133908586576581,0.0,0.0,0.029020965099334717
583,1.0,0.052086103707551956,0.004494008608162403,0.0,0.0,0.056580111384391785
584,1.0,0.03239908814430237,0.002015163656324148,0.0,0.0,0.034414250403642654
585,1.0,0.028675876557826996,0.0014565304154530168,0.0,0.0,0.030132407322525978
586,1.0,0.04466069117188454,0.0035093838814646006,0.0,0.0,0.048170074820518494
587,1.0,0.050759151577949524,0.004536829888820648,0.0,0.0,0.05529598146677017
588,1.0,0.03662805259227753,0.0026305573992431164,0.0,0.0,0.03925861045718193
589,1.0,0.03372744470834732,0.0021554892882704735,0.0,0.0,0.03588293492794037
590,1.0,0.06099766865372658,0.0061189401894807816,0.0,0.0,0.06711661070585251
591,1.0,0.03780863434076309,0.002366565866395831,0.0,0.0,0.04017519950866699
592,1.0,0.04526432976126671,0.003925665747374296,0.0,0.0,0.04918999597430229
593,1.0,0.03843620792031288,0.0023124441504478455,0.0,0.0,0.04074865207076073
594,1.0,0.035301342606544495,0.002089505083858967,0.0,0.0,0.03739084675908089
595,1.0,0.04477479308843613,0.0033754517789930105,0.0,0.0,0.04815024510025978
596,1.0,0.04143635928630829,0.002883722772821784,0.0,0.0,0.04432008042931557
597,1.0,0.043194737285375595,0.002587266732007265,0.0,0.0,0.04578200355172157
598,2.0,0.03979937732219696,0.002464471384882927,0.0,0.0,0.04226385056972504
599,2.0,0.03729347512125969,0.0026956461369991302,0.0,0.0,0.03998912125825882
600,2.0,0.03638773411512375,0.002003160770982504,0.0,0.0,0.03839089348912239
601,2.0,0.04808954894542694,0.004516867455095053,0.0,0.0,0.05260641500353813
602,2.0,0.04678712785243988,0.0038358313031494617,0.0,0.0,0.050622958689928055
603,2.0,0.053324371576309204,0.004848213866353035,0.0,0.0,0.05817258358001709
604,2.0,0.035836465656757355,0.0023851757869124413,0.0,0.0,0.03822164237499237
605,2.0,0.037840403616428375,0.002580507192760706,0.0,0.0,0.04042091220617294
606,2.0,0.033525217324495316,0.0021360546816140413,0.0,0.0,0.03566127270460129
607,2.0,0.038008254021406174,0.002720962278544903,0.0,0.0,0.04072921723127365
608,2.0,0.05264374613761902,0.0048135751858353615,0.0,0.0,0.057457320392131805
609,2.0,0.04747961834073067,0.003982111811637878,0.0,0.0,0.051461730152368546
610,2.0,0.036452651023864746,0.0023791692219674587,0.0,0.0,0.03883181884884834
611,2.0,0.0361122190952301,0.002056310884654522,0.0,0.0,0.0381685309112072
612,2.0,0.04201506823301315,0.0031015267595648766,0.0,0.0,0.045116595923900604
613,2.0,0.03835286945104599,0.0026222681626677513,0.0,0.0,0.040975138545036316
614,2.0,0.03681783378124237,0.0023188418708741665,0.0,0.0,0.039136674255132675
615,2.0,0.033882997930049896,0.0019880987238138914,0.0,0.0,0.03587109595537186
616,2.0,0.03902348503470421,0.0023037150967866182,0.0,0.0,0.04132720082998276
617,2.0,0.039083391427993774,0.0028605181723833084,0.0,0.0,0.041943907737731934
618,2.0,0.03477432578802109,0.0020985077135264874,0.0,0.0,0.03687283396720886
619,2.0,0.032840222120285034,0.0018329888116568327,0.0,0.0,0.034673210233449936
620,2.0,0.03718380630016327,0.0026481756940484047,0.0,0.0,0.0398319810628891
621,2.0,0.03336411714553833,0.00214159837923944,0.0,0.0,0.035505715757608414
622,2.0,0.03391826152801514,0.002056058030575514,0.0,0.0,0.03597432002425194
623,2.0,0.03002798557281494,0.0016152863390743732,0.0,0.0,0.03164327144622803
624,2.0,0.032705992460250854,0.002000508364289999,0.0,0.0,0.03470649942755699
625,2.0,0.0426371730864048,0.0031362667214125395,0.0,0.0,0.04577343910932541
626,2.0,0.03417002409696579,0.002259101253002882,0.0,0.0,0.03642912581562996
627,2.0,0.028572682291269302,0.0014692075783386827,0.0,0.0,0.03004189021885395
628,2.0,0.05851883441209793,0.00552403274923563,0.0,0.0,0.06404286623001099
629,2.0,0.061597444117069244,0.005909949075430632,0.0,0.0,0.06750739365816116
630,2.0,0.026423882693052292,0.0012548543745651841,0.0,0.0,0.02767873741686344
631,2.0,0.031537555158138275,0.0018715641926974058,0.0,0.0,0.03340911865234375
632,2.0,0.032114483416080475,0.0018535509007051587,0.0,0.0,0.033968035131692886
633,2.0,0.04476989805698395,0.0037134825251996517,0.0,0.0,0.04848337918519974
634,2.0,0.0371846929192543,0.00277804397046566,0.0,0.0,0.03996273875236511
635,2.0,0.0343254879117012,0.0020472605247050524,0.0,0.0,0.036372747272253036
636,2.0,0.03290840983390808,0.0018550055101513863,0.0,0.0,0.03476341441273689
637,2.0,0.04106679931282997,0.0030789354350417852,0.0,0.0,0.04414573311805725
638,2.0,0.03533046320080757,0.0022055504377931356,0.0,0.0,0.03753601387143135
639,2.0,0.034955944865942,0.002167324535548687,0.0,0.0,0.03712327033281326
640,2.0,0.06082630902528763,0.006422786973416805,0.0,0.0,0.06724909693002701
641,2.0,0.03907092660665512,0.002938909688964486,0.0,0.0,0.04200983792543411
642,2.0,0.03504191339015961,0.0020812912844121456,0.0,0.0,0.03712320327758789
643,2.0,0.03304247558116913,0.0017459149239584804,0.0,0.0,0.03478838875889778
644,2.0,0.06553402543067932,0.00713291484862566,0.0,0.0,0.0726669430732727
645,2.0,0.0377994030714035,0.0024592787958681583,0.0,0.0,0.040258683264255524
646,2.0,0.038496196269989014,0.002363500650972128,0.0,0.0,0.04085969552397728
647,2.0,0.037003353238105774,0.0024751911405473948,0.0,0.0,0.039478544145822525
648,2.0,0.04659462720155716,0.004225581884384155,0.0,0.0,0.050820209085941315
649,2.0,0.038700077682733536,0.002774662571027875,0.0,0.0,0.04147474095225334
650,2.0,0.033332813531160355,0.001766083762049675,0.0,0.0,0.03509889543056488
651,2.0,0.032539065927267075,0.0017919092206284404,0.0,0.0,0.03433097526431084
652,2.0,0.035552166402339935,0.002316189929842949,0.0,0.0,0.03786835819482803
653,2.0,0.039306946098804474,0.002907669637352228,0.0,0.0,0.042214617133140564
654,2.0,0.04925526678562164,0.004119017161428928,0.0,0.0,0.053374283015728
655,2.0,0.03212738782167435,0.0017961638513952494,0.0,0.0,0.03392355144023895
656,2.0,0.05758724361658096,0.005445720627903938,0.0,0.0,0.06303296238183975
657,2.0,0.03588743880391121,0.0023541301488876343,0.0,0.0,0.03824156895279884
658,2.0,0.03543891757726669,0.0023585259914398193,0.0,0.0,0.03779744356870651
659,2.0,0.033155739307403564,0.0018886351026594639,0.0,0.0,0.03504437580704689
660,2.0,0.03623021021485329,0.0020876051858067513,0.0,0.0,0.03831781446933746
661,2.0,0.0386023223400116,0.0026825687382370234,0.0,0.0,0.041284892708063126
662,2.0,0.03514128923416138,0.002024299930781126,0.0,0.0,0.03716558963060379
663,2.0,0.03648798167705536,0.0025906043592840433,0.0,0.0,0.03907858580350876
664,2.0,0.037569984793663025,0.0025737634859979153,0.0,0.0,0.04014374688267708
665,2.0,0.0477595254778862,0.003958798944950104,0.0,0.0,0.051718324422836304
666,2.0,0.0349610336124897,0.002229747362434864,0.0,0.0,0.03719078004360199
667,2.0,0.035636402666568756,0.002221082802861929,0.0,0.0,0.03785748407244682
668,2.0,0.05883178859949112,0.00568855507299304,0.0,0.0,0.06452034413814545
669,2.0,0.034720465540885925,0.002261551097035408,0.0,0.0,0.036982014775276184
670,2.0,0.03540154546499252,0.002234227489680052,0.0,0.0,0.03763577342033386
671,2.0,0.032905444502830505,0.0017067503649741411,0.0,0.0,0.03461219370365143
672,2.0,0.04500337690114975,0.0036402917467057705,0.0,0.0,0.04864366725087166
673,2.0,0.041067227721214294,0.0030765151605010033,0.0,0.0,0.04414374381303787
674,2.0,0.0486721396446228,0.004037775564938784,0.0,0.0,0.0527099147439003
675,2.0,0.03579195961356163,0.002299482934176922,0.0,0.0,0.03809144347906113
676,2.0,0.03322434052824974,0.0020162302535027266,0.0,0.0,0.035240571945905685
677,2.0,0.03532806783914566,0.0021460657007992268,0.0,0.0,0.0374741330742836
678,2.0,0.03319018334150314,0.0019787426572293043,0.0,0.0,0.035168927162885666
679,2.0,0.0373053252696991,0.002307757269591093,0.0,0.0,0.03961308300495148
680,2.0,0.03881217539310455,0.002587920520454645,0.0,0.0,0.04140009731054306
681,2.0,0.038904137909412384,0.0027515990659594536,0.0,0.0,0.04165573790669441
682,2.0,0.03418658673763275,0.0018098922446370125,0.0,0.0,0.03599647805094719
683,2.0,0.04122442007064819,0.0030077516566962004,0.0,0.0,0.04423217102885246
684,2.0,0.03654126822948456,0.0026070396415889263,0.0,0.0,0.03914830833673477
685,2.0,0.032421618700027466,0.0019646408036351204,0.0,0.0,0.03438625857234001
686,2.0,0.06330521404743195,0.00615772744640708,0.0,0.0,0.06946294009685516
687,2.0,0.06061355769634247,0.005747146904468536,0.0,0.0,0.066360704600811
688,2.0,0.032566457986831665,0.001954823499545455,0.0,0.0,0.034521281719207764
689,2.0,0.041023775935173035,0.0030318694189190865,0.0,0.0,0.044055644422769547
690,2.0,0.04003773257136345,0.0024046096950769424,0.0,0.0,0.04244234412908554
691,2.0,0.03683442622423172,0.0022273596841841936,0.0,0.0,0.039061784744262695
692,2.0,0.03540299832820892,0.0022578102070838213,0.0,0.0,0.037660807371139526
693,2.0,0.03811870887875557,0.0023115372750908136,0.0,0.0,0.04043024778366089
694,2.0,0.03701874613761902,0.0023902258835732937,0.0,0.0,0.03940897062420845
695,2.0,0.04129263013601303,0.0034419125877320766,0.0,0.0,0.044734541326761246
696,2.0,0.04298986494541168,0.003216230310499668,0.0,0.0,0.046206094324588776
697,2.0,0.03967387229204178,0.002497537527233362,0.0,0.0,0.042171411216259
698,2.0,0.03702586889266968,0.0020862137898802757,0.0,0.0,0.03911208361387253
699,2.0,0.03503994643688202,0.002092435024678707,0.0,0.0,0.0371323823928833
700,2.0,0.05621819943189621,0.005446490366011858,0.0,0.0,0.06166468933224678
701,2.0,0.03548593074083328,0.00237819692119956,0.0,0.0,0.03786412626504898
702,2.0,0.03297266364097595,0.0020042452961206436,0.0,0.0,0.03497690707445145
703,2.0,0.030475474894046783,0.001648950856178999,0.0,0.0,0.03212442621588707
704,2.0,0.031665463000535965,0.0016566249541938305,0.0,0.0,0.03332208842039108
705,2.0,0.03561418503522873,0.0025715860538184643,0.0,0.0,0.03818577155470848
706,2.0,0.03004397824406624,0.00164723489433527,0.0,0.0,0.031691212207078934
707,2.0,0.047513172030448914,0.0039407857693731785,0.0,0.0,0.051453959196805954
708,2.0,0.06529384851455688,0.006793534383177757,0.0,0.0,0.07208738476037979
709,2.0,0.041039176285266876,0.003117668442428112,0.0,0.0,0.04415684565901756
710,2.0,0.03381485119462013,0.0018678521737456322,0.0,0.0,0.03568270429968834
711,2.0,0.05037786811590195,0.004865000955760479,0.0,0.0,0.055242870002985
712,2.0,0.03506924584507942,0.0021899878047406673,0.0,0.0,0.03725923225283623
713,2.0,0.03385918587446213,0.0021017915569245815,0.0,0.0,0.03596097603440285
714,2.0,0.03393059968948364,0.0020294669084250927,0.0,0.0,0.03596006706357002
715,2.0,0.035745106637477875,0.002179544884711504,0.0,0.0,0.03792465105652809
716,2.0,0.03479065001010895,0.00182240828871727,0.0,0.0,0.03661305829882622
717,2.0,0.03583529591560364,0.002132619032636285,0.0,0.0,0.03796791657805443
718,2.0,0.038375698029994965,0.002772608306258917,0.0,0.0,0.04114830493927002
719,2.0,0.03393197059631348,0.002071833936497569,0.0,0.0,0.036003805696964264
720,2.0,0.03470943868160248,0.0017498004017397761,0.0,0.0,0.03645923733711243
721,2.0,0.033530496060848236,0.001918954192660749,0.0,0.0,0.035449448972940445
722,2.0,0.030953558161854744,0.0017423010431230068,0.0,0.0,0.03269585967063904
723,2.0,0.03356119990348816,0.0020896957721561193,0.0,0.0,0.03565089404582977
724,2.0,0.036830853670835495,0.002808924298733473,0.0,0.0,0.039639778435230255
725,2.0,0.048562001436948776,0.004169081803411245,0.0,0.0,0.05273108184337616
726,2.0,0.03347510099411011,0.0021034590899944305,0.0,0.0,0.03557856008410454
727,2.0,0.04048018902540207,0.0033080962020903826,0.0,0.0,0.04378828406333923
728,2.0,0.03344203531742096,0.002054101787507534,0.0,0.0,0.03549613803625107
729,2.0,0.029778331518173218,0.0016871783882379532,0.0,0.0,0.03146550804376602
730,2.0,0.04269503802061081,0.0033573531545698643,0.0,0.0,0.046052392572164536
731,2.0,0.03575437515974045,0.0025886506773531437,0.0,0.0,0.038343027234077454
732,2.0,0.03781891241669655,0.002901487983763218,0.0,0.0,0.04072039946913719
733,2.0,0.03284647315740585,0.0019476602319628,0.0,0.0,0.03479413315653801
734,2.0,0.03282896429300308,0.0019171384628862143,0.0,0.0,0.03474610298871994
735,2.0,0.03952008858323097,0.0027781412936747074,0.0,0.0,0.04229823127388954
736,2.0,0.031598050147295,0.0017666243948042393,0.0,0.0,0.0333646759390831
737,2.0,0.033910248428583145,0.002154592890292406,0.0,0.0,0.036064840853214264
738,2.0,0.03094189427793026,0.0016424641944468021,0.0,0.0,0.032584358006715775
739,2.0,0.04199828952550888,0.003145103342831135,0.0,0.0,0.04514339193701744
740,2.0,0.038228295743465424,0.0029521689284592867,0.0,0.0,0.04118046537041664
741,2.0,0.0399341806769371,0.0025022297631949186,0.0,0.0,0.04243640974164009
742,2.0,0.03702198341488838,0.002025880152359605,0.0,0.0,0.03904786333441734
743,2.0,0.05208878219127655,0.00493261031806469,0.0,0.0,0.05702139437198639
744,2.0,0.03336693346500397,0.001896377420052886,0.0,0.0,0.0352633111178875
745,2.0,0.05644772946834564,0.005594215355813503,0.0,0.0,0.06204194575548172
746,2.0,0.03396444022655487,0.002093450166285038,0.0,0.0,0.036057889461517334
747,2.0,0.06521663069725037,0.007163907401263714,0.0,0.0,0.07238053530454636
748,2.0,0.03631071746349335,0.00228794664144516,0.0,0.0,0.03859866410493851
749,2.0,0.04439733549952507,0.003439983120188117,0.0,0.0,0.04783731698989868
750,2.0,0.04312979429960251,0.003099376568570733,0.0,0.0,0.04622917249798775
751,2.0,0.042295534163713455,0.002605329267680645,0.0,0.0,0.044900864362716675
752,2.0,0.04478827118873596,0.0033869317267090082,0.0,0.0,0.048175204545259476
753,2.0,0.03995469585061073,0.0029653902165591717,0.0,0.0,0.04292008653283119
754,2.0,0.04257819801568985,0.0036691941786557436,0.0,0.0,0.046247392892837524
755,2.0,0.037883248180150986,0.0023186872713267803,0.0,0.0,0.04020193591713905
756,2.0,0.03965821489691734,0.0025318595580756664,0.0,0.0,0.0421900749206543
757,2.0,0.03799352049827576,0.0024296208284795284,0.0,0.0,0.04042313992977142
758,2.0,0.04047563299536705,0.002432100009173155,0.0,0.0,0.04290773347020149
759,2.0,0.03721141815185547,0.0022291517816483974,0.0,0.0,0.039440568536520004
760,2.0,0.03500384837388992,0.0020496139768511057,0.0,0.0,0.037053462117910385
761,2.0,0.054339826107025146,0.005117627792060375,0.0,0.0,0.059457454830408096
762,2.0,0.02972440980374813,0.0014790249988436699,0.0,0.0,0.031203433871269226
763,2.0,0.03357478976249695,0.0021927361376583576,0.0,0.0,0.03576752543449402
764,2.0,0.04085139185190201,0.003381849732249975,0.0,0.0,0.04423324018716812
765,2.0,0.06230645254254341,0.006355339661240578,0.0,0.0,0.06866179406642914
766,2.0,0.02968694642186165,0.0015789612662047148,0.0,0.0,0.03126590698957443
767,2.0,0.04875454679131508,0.004182468168437481,0.0,0.0,0.052937015891075134
768,2.0,0.03173983469605446,0.0018645592499524355,0.0,0.0,0.033604394644498825
769,2.0,0.02900988794863224,0.0014311147388070822,0.0,0.0,0.030441002920269966
770,2.0,0.04858822748064995,0.0038719563744962215,0.0,0.0,0.05246018245816231
771,2.0,0.03173401951789856,0.0017873034812510014,0.0,0.0,0.03352132439613342
772,2.0,0.03330262005329132,0.0019990813452750444,0.0,0.0,0.03530170023441315
773,2.0,0.040641508996486664,0.0031911658588796854,0.0,0.0,0.043832674622535706
774,2.0,0.0358644537627697,0.002362948376685381,0.0,0.0,0.03822740167379379
775,2.0,0.037511684000492096,0.002768933307379484,0.0,0.0,0.04028061777353287
776,2.0,0.03701126575469971,0.0022518783807754517,0.0,0.0,0.03926314413547516
777,2.0,0.03995867818593979,0.002483429852873087,0.0,0.0,0.04244210943579674
778,2.0,0.03396008163690567,0.0019396711140871048,0.0,0.0,0.035899750888347626
779,2.0,0.04196459800004959,0.0030940049327909946,0.0,0.0,0.04505860432982445
780,2.0,0.03310751914978027,0.001873657340183854,0.0,0.0,0.034981176257133484
781,2.0,0.03760160878300667,0.002906979061663151,0.0,0.0,0.040508586913347244
782,2.0,0.05026194453239441,0.0046347700990736485,0.0,0.0,0.05489671602845192
783,2.0,0.03471683710813522,0.0018652691505849361,0.0,0.0,0.0365821048617363
784,2.0,0.0486452616751194,0.004068746231496334,0.0,0.0,0.05271400883793831
785,2.0,0.03531108796596527,0.0019307100446894765,0.0,0.0,0.037241797894239426
786,2.0,0.042660634964704514,0.0035169394686818123,0.0,0.0,0.04617757350206375
787,2.0,0.03527606278657913,0.0021757474169135094,0.0,0.0,0.037451811134815216
788,2.0,0.038230106234550476,0.002308861818164587,0.0,0.0,0.0405389666557312
789,2.0,0.04044174402952194,0.0033890772610902786,0.0,0.0,0.04383081942796707
790,2.0,0.035562511533498764,0.00221212743781507,0.0,0.0,0.03777463734149933
791,2.0,0.03733427822589874,0.0027191946282982826,0.0,0.0,0.04005347192287445
792,2.0,0.03391198068857193,0.001990108983591199,0.0,0.0,0.03590209037065506
793,2.0,0.0448722243309021,0.003694501705467701,0.0,0.0,0.048566725105047226
794,2.0,0.032005202025175095,0.0017268594820052385,0.0,0.0,0.033732060343027115
795,2.0,0.04977547377347946,0.004458237439393997,0.0,0.0,0.05423371121287346
796,2.0,0.03221510723233223,0.0018324976554140449,0.0,0.0,0.034047603607177734
797,2.0,0.03332964703440666,0.002181288320571184,0.0,0.0,0.03551093488931656
798,2.0,0.06277740746736526,0.006237069610506296,0.0,0.0,0.06901447474956512
799,2.0,0.03294223174452782,0.0017885571578517556,0.0,0.0,0.03473078832030296
800,2.0,0.03886670991778374,0.0029957531951367855,0.0,0.0,0.04186246171593666
801,2.0,0.031930841505527496,0.0018523402977734804,0.0,0.0,0.03378318250179291
802,2.0,0.03482118993997574,0.002180663403123617,0.0,0.0,0.037001851946115494
803,2.0,0.034698739647865295,0.0018818773096427321,0.0,0.0,0.03658061847090721
804,2.0,0.042529184371232986,0.0035614878870546818,0.0,0.0,0.04609067365527153
805,2.0,0.03227592259645462,0.001701038796454668,0.0,0.0,0.033976960927248
806,2.0,0.037921249866485596,0.002685118932276964,0.0,0.0,0.04060636833310127
807,2.0,0.03483738750219345,0.002129583153873682,0.0,0.0,0.036966972053050995
808,2.0,0.03808659315109253,0.002839823253452778,0.0,0.0,0.04092641547322273
809,2.0,0.03461591899394989,0.002189946360886097,0.0,0.0,0.03680586442351341
810,2.0,0.032707322388887405,0.0019081714563071728,0.0,0.0,0.034615494310855865
811,2.0,0.03382216393947601,0.002107875654473901,0.0,0.0,0.03593004122376442
812,2.0,0.044896818697452545,0.0033892602659761906,0.0,0.0,0.0482860803604126
813,2.0,0.04548576474189758,0.0036918509285897017,0.0,0.0,0.0491776168346405
814,2.0,0.049598466604948044,0.004724777303636074,0.0,0.0,0.05432324483990669
815,2.0,0.04669388011097908,0.004007421433925629,0.0,0.0,0.05070130154490471
816,2.0,0.036982957273721695,0.0022146531846374273,0.0,0.0,0.03919760882854462
817,2.0,0.03675810992717743,0.002712283283472061,0.0,0.0,0.03947039321064949
818,2.0,0.03725413605570793,0.0022850187961012125,0.0,0.0,0.0395391546189785
819,2.0,0.03424551337957382,0.002140043769031763,0.0,0.0,0.03638555854558945
820,2.0,0.03538760542869568,0.002068092580884695,0.0,0.0,0.03745569661259651
821,2.0,0.0407276414334774,0.002634817035868764,0.0,0.0,0.04336245730519295
822,2.0,0.039243221282958984,0.0024390360340476036,0.0,0.0,0.04168225824832916
823,2.0,0.03991050273180008,0.003207378089427948,0.0,0.0,0.04311788082122803
824,2.0,0.04800546169281006,0.0040335748344659805,0.0,0.0,0.05203903466463089
825,2.0,0.03890331834554672,0.0031280668918043375,0.0,0.0,0.042031385004520416
826,2.0,0.039029382169246674,0.0027109936345368624,0.0,0.0,0.04174037650227547
827,2.0,0.034567996859550476,0.0018873084336519241,0.0,0.0,0.03645530343055725
828,2.0,0.03279227763414383,0.0018063740571960807,0.0,0.0,0.03459865227341652
829,2.0,0.03659709170460701,0.0025581931695342064,0.0,0.0,0.03915528580546379
830,2.0,0.037048809230327606,0.002765294164419174,0.0,0.0,0.03981410339474678
831,2.0,0.0548279695212841,0.005181550979614258,0.0,0.0,0.06000952050089836
832,2.0,0.029445402324199677,0.0015013855881989002,0.0,0.0,0.03094678744673729
833,2.0,0.03219980001449585,0.0019379949662834406,0.0,0.0,0.034137796610593796
834,2.0,0.029855307191610336,0.001522229635156691,0.0,0.0,0.031377535313367844
835,2.0,0.0355827622115612,0.0025074968580156565,0.0,0.0,0.038090258836746216
836,2.0,0.030428128316998482,0.0015999216120690107,0.0,0.0,0.03202804923057556
837,2.0,0.03061971254646778,0.0015761374961584806,0.0,0.0,0.03219585120677948
838,2.0,0.043241873383522034,0.0037863380275666714,0.0,0.0,0.04702821001410484
839,2.0,0.02927233651280403,0.0014928951859474182,0.0,0.0,0.03076523169875145
840,2.0,0.036627888679504395,0.002807935466989875,0.0,0.0,0.039435822516679764
841,2.0,0.034624408930540085,0.002526098396629095,0.0,0.0,0.03715050593018532
842,2.0,0.033017437905073166,0.0018566198414191604,0.0,0.0,0.03487405925989151
843,2.0,0.031091468408703804,0.0018419856205582619,0.0,0.0,0.03293345496058464
844,2.0,0.037330590188503265,0.0027827946469187737,0.0,0.0,0.040113385766744614
845,2.0,0.03736897557973862,0.0028185583651065826,0.0,0.0,0.0401875339448452
846,2.0,0.04011433199048042,0.003576988121494651,0.0,0.0,0.04369131848216057
847,2.0,0.027991050854325294,0.0013964313548058271,0.0,0.0,0.02938748151063919
848,2.0,0.03557387739419937,0.002763552824035287,0.0,0.0,0.038337431848049164
849,2.0,0.0290258526802063,0.0014281007461249828,0.0,0.0,0.03045395389199257
850,2.0,0.026985682547092438,0.0013236969243735075,0.0,0.0,0.028309378772974014
851,2.0,0.03024981915950775,0.0018103745533153415,0.0,0.0,0.03206019476056099
852,2.0,0.027036303654313087,0.0012813395587727427,0.0,0.0,0.028317643329501152
853,2.0,0.03772302344441414,0.002886135596781969,0.0,0.0,0.04060915857553482
854,2.0,0.05579175055027008,0.005131333600729704,0.0,0.0,0.06092308461666107
855,2.0,0.03964019566774368,0.0027686809189617634,0.0,0.0,0.04240887612104416
856,2.0,0.03796278312802315,0.0028862091712653637,0.0,0.0,0.0408489927649498
857,2.0,0.034976620227098465,0.0024952120147645473,0.0,0.0,0.03747183084487915
858,2.0,0.030721794813871384,0.001749413087964058,0.0,0.0,0.03247120976448059
859,2.0,0.03323696181178093,0.001949145458638668,0.0,0.0,0.03518610820174217
860,2.0,0.043311089277267456,0.0035956569481641054,0.0,0.0,0.04690674692392349
861,2.0,0.03309185430407524,0.0017190391663461924,0.0,0.0,0.03481089323759079
862,2.0,0.03347770869731903,0.0019535908941179514,0.0,0.0,0.03543129935860634
863,2.0,0.040993236005306244,0.0030181100592017174,0.0,0.0,0.044011346995830536
864,2.0,0.04818223789334297,0.003892995184287429,0.0,0.0,0.052075233310461044
865,2.0,0.03606889769434929,0.0023916317149996758,0.0,0.0,0.03846053034067154
866,2.0,0.045311324298381805,0.0029781823977828026,0.0,0.0,0.04828950762748718
867,2.0,0.03827814757823944,0.0023109973408281803,0.0,0.0,0.04058914631605148
868,2.0,0.04767248407006264,0.0038382895290851593,0.0,0.0,0.0515107735991478
869,2.0,0.03964067995548248,0.00288886995986104,0.0,0.0,0.042529549449682236
870,2.0,0.038948044180870056,0.0028000150341540575,0.0,0.0,0.041748058050870895
871,2.0,0.04400016739964485,0.003789016045629978,0.0,0.0,0.047789182513952255
872,2.0,0.03252933919429779,0.001802808023057878,0.0,0.0,0.03433214873075485
873,2.0,0.035304103046655655,0.0020725568756461143,0.0,0.0,0.037376660853624344
874,2.0,0.03509390726685524,0.0022360137663781643,0.0,0.0,0.03732991963624954
875,2.0,0.032741695642471313,0.001894662738777697,0.0,0.0,0.03463635966181755
876,2.0,0.037825845181941986,0.002718549920246005,0.0,0.0,0.04054439440369606
877,2.0,0.03287069499492645,0.0018895857501775026,0.0,0.0,0.034760281443595886
878,2.0,0.03210372477769852,0.0016931102145463228,0.0,0.0,0.03379683569073677
879,2.0,0.035332098603248596,0.0024846242740750313,0.0,0.0,0.03781672194600105
880,2.0,0.030866295099258423,0.00168351992033422,0.0,0.0,0.03254981338977814
881,2.0,0.05875208601355553,0.0052864644676446915,0.0,0.0,0.06403855234384537
882,2.0,0.03671820089221001,0.0025401082821190357,0.0,0.0,0.039258308708667755
883,2.0,0.04744752496480942,0.0038388343527913094,0.0,0.0,0.05128635838627815
884,2.0,0.027685590088367462,0.001305297715589404,0.0,0.0,0.028990887105464935
885,2.0,0.03301778808236122,0.0017856787890195847,0.0,0.0,0.03480346500873566
886,2.0,0.0477142259478569,0.004339562729001045,0.0,0.0,0.0520537868142128
887,2.0,0.04086197912693024,0.00318090058863163,0.0,0.0,0.04404287785291672
888,2.0,0.03994769603013992,0.0030604605562984943,0.0,0.0,0.04300815612077713
889,2.0,0.030690830200910568,0.0016856538131833076,0.0,0.0,0.0323764830827713
890,2.0,0.035423457622528076,0.0021656116005033255,0.0,0.0,0.037589069455862045
891,2.0,0.03278873860836029,0.002022688277065754,0.0,0.0,0.03481142595410347
892,2.0,0.035550907254219055,0.002298288280144334,0.0,0.0,0.037849195301532745
893,2.0,0.03670826554298401,0.0026764690410345793,0.0,0.0,0.03938473388552666
894,2.0,0.03862295672297478,0.002761904615908861,0.0,0.0,0.04138486087322235
895,2.0,0.038231268525123596,0.0027505485340952873,0.0,0.0,0.04098181799054146
896,2.0,0.03488624095916748,0.0017729386454448104,0.0,0.0,0.036659181118011475
897,3.0,0.03840353712439537,0.0029326609801501036,0.0,0.0,0.04133619740605354
898,3.0,0.05614684522151947,0.005237867124378681,0.0,0.0,0.06138471141457558
899,3.0,0.03173592686653137,0.001778587233275175,0.0,0.0,0.033514514565467834
900,3.0,0.05449578911066055,0.004907410591840744,0.0,0.0,0.0594031997025013
901,3.0,0.04372915253043175,0.0034054096322506666,0.0,0.0,0.04713456332683563
902,3.0,0.0415654182434082,0.0030785896815359592,0.0,0.0,0.044644009321928024
903,3.0,0.03819488361477852,0.0027334096375852823,0.0,0.0,0.04092829301953316
904,3.0,0.03611196205019951,0.001967386342585087,0.0,0.0,0.03807934746146202
905,3.0,0.042482949793338776,0.0031457054428756237,0.0,0.0,0.04562865570187569
906,3.0,0.03642699867486954,0.0021662646904587746,0.0,0.0,0.03859326243400574
907,3.0,0.040214523673057556,0.0025314469821751118,0.0,0.0,0.04274597018957138
908,3.0,0.04286016523838043,0.0027503781020641327,0.0,0.0,0.045610543340444565
909,3.0,0.04213555157184601,0.003021331038326025,0.0,0.0,0.04515688121318817
910,3.0,0.041939541697502136,0.00297852186486125,0.0,0.0,0.04491806402802467
911,3.0,0.039901092648506165,0.002838113345205784,0.0,0.0,0.042739205062389374
912,3.0,0.06323451548814774,0.006777223665267229,0.0,0.0,0.07001174241304398
913,3.0,0.037050314247608185,0.0022175717167556286,0.0,0.0,0.0392678864300251
914,3.0,0.03734706714749336,0.002201989060267806,0.0,0.0,0.03954905644059181
915,3.0,0.038433607667684555,0.0027430213522166014,0.0,0.0,0.041176628321409225
916,3.0,0.03805358335375786,0.002676352858543396,0.0,0.0,0.040729936212301254
917,3.0,0.032669540494680405,0.0021086595952510834,0.0,0.0,0.03477820008993149
918,3.0,0.03578990697860718,0.0025304665323346853,0.0,0.0,0.03832037374377251
919,3.0,0.034517012536525726,0.0019241329282522202,0.0,0.0,0.036441147327423096
920,3.0,0.040548183023929596,0.003476465353742242,0.0,0.0,0.04402465000748634
921,3.0,0.03838300704956055,0.002984408987686038,0.0,0.0,0.041367415338754654
922,3.0,0.033929187804460526,0.002144480124115944,0.0,0.0,0.03607366979122162
923,3.0,0.04708832502365112,0.003806677181273699,0.0,0.0,0.050895001739263535
924,3.0,0.03328455984592438,0.0020304678473621607,0.0,0.0,0.035315029323101044
925,3.0,0.03743678331375122,0.002804779214784503,0.0,0.0,0.04024156183004379
926,3.0,0.029972903430461884,0.0016178754158318043,0.0,0.0,0.0315907783806324
927,3.0,0.05857197195291519,0.005711676552891731,0.0,0.0,0.06428364664316177
928,3.0,0.03244360536336899,0.0019832709804177284,0.0,0.0,0.03442687541246414
929,3.0,0.03407733514904976,0.002021191408857703,0.0,0.0,0.03609852492809296
930,3.0,0.03545646369457245,0.002343932632356882,0.0,0.0,0.03780039772391319
931,3.0,0.03363130986690521,0.0020312913693487644,0.0,0.0,0.03566260263323784
932,3.0,0.03216142952442169,0.0017561365384608507,0.0,0.0,0.033917564898729324
933,3.0,0.033548273146152496,0.0019784688483923674,0.0,0.0,0.03552674129605293
934,3.0,0.032489340752363205,0.0017232733080163598,0.0,0.0,0.034212615340948105
935,3.0,0.03619515895843506,0.0025755097158253193,0.0,0.0,0.03877066820859909
936,3.0,0.034578077495098114,0.0019481659401208162,0.0,0.0,0.03652624413371086
937,3.0,0.03564131632447243,0.002518163528293371,0.0,0.0,0.03815947845578194
938,3.0,0.035529837012290955,0.0022686112206429243,0.0,0.0,0.0377984493970871
939,3.0,0.06260956078767776,0.0063799042254686356,0.0,0.0,0.06898946315050125
940,3.0,0.0538116917014122,0.005155014805495739,0.0,0.0,0.058966707438230515
941,3.0,0.03230408579111099,0.0018478956772014499,0.0,0.0,0.03415198251605034
942,3.0,0.033152513206005096,0.0019167986465618014,0.0,0.0,0.035069312900304794
943,3.0,0.035641781985759735,0.0022058673202991486,0.0,0.0,0.037847649306058884
944,3.0,0.03911386430263519,0.0027953055687248707,0.0,0.0,0.041909169405698776
945,3.0,0.04002908617258072,0.0033203093335032463,0.0,0.0,0.04334939643740654
946,3.0,0.03475956246256828,0.002186543308198452,0.0,0.0,0.03694610670208931
947,3.0,0.03570292145013809,0.0019300568383187056,0.0,0.0,0.037632979452610016
948,3.0,0.03929884731769562,0.002882311586290598,0.0,0.0,0.04218116030097008
949,3.0,0.046824075281620026,0.003934735432267189,0.0,0.0,0.050758808851242065
950,3.0,0.038200873881578445,0.002730556298047304,0.0,0.0,0.04093142971396446
951,3.0,0.0336470752954483,0.001966506941244006,0.0,0.0,0.03561358153820038
952,3.0,0.032151564955711365,0.00179005425889045,0.0,0.0,0.03394161909818649
953,3.0,0.031847186386585236,0.0017731452826410532,0.0,0.0,0.033620331436395645
954,3.0,0.03731102496385574,0.002665217500180006,0.0,0.0,0.03997624292969704
955,3.0,0.03438820689916611,0.0020977212116122246,0.0,0.0,0.036485929042100906
956,3.0,0.033474188297986984,0.002026426140218973,0.0,0.0,0.03550061583518982
957,3.0,0.04709082096815109,0.003932226914912462,0.0,0.0,0.05102304741740227
958,3.0,0.03435820713639259,0.002246203599497676,0.0,0.0,0.03660441190004349
959,3.0,0.03217316418886185,0.001863756449893117,0.0,0.0,0.034036919474601746
960,3.0,0.07179594039916992,0.00783984363079071,0.0,0.0,0.07963578402996063
961,3.0,0.03981693089008331,0.0028644553385674953,0.0,0.0,0.042681384831666946
962,3.0,0.03082948364317417,0.0016339647118002176,0.0,0.0,0.032463449984788895
963,3.0,0.037668101489543915,0.0026826667599380016,0.0,0.0,0.040350768715143204
964,3.0,0.04281661659479141,0.003521536011248827,0.0,0.0,0.04633815214037895
965,3.0,0.037425920367240906,0.002106758300215006,0.0,0.0,0.039532680064439774
966,3.0,0.03664813190698624,0.0024777385406196117,0.0,0.0,0.039125870913267136
967,3.0,0.037016332149505615,0.0025649622548371553,0.0,0.0,0.0395812951028347
968,3.0,0.03397420421242714,0.0020856321789324284,0.0,0.0,0.03605983778834343
969,3.0,0.041260819882154465,0.002609616843983531,0.0,0.0,0.043870437890291214
970,3.0,0.035685740411281586,0.002261150861158967,0.0,0.0,0.03794689103960991
971,3.0,0.03231262415647507,0.0017897030338644981,0.0,0.0,0.03410232812166214
972,3.0,0.029426682740449905,0.0014595414977520704,0.0,0.0,0.030886223539710045
973,3.0,0.032991573214530945,0.0019944445230066776,0.0,0.0,0.034986019134521484
974,3.0,0.03586767986416817,0.002398889744654298,0.0,0.0,0.03826656937599182
975,3.0,0.033950962126255035,0.0022744429297745228,0.0,0.0,0.03622540459036827
976,3.0,0.02985481545329094,0.0017013971228152514,0.0,0.0,0.03155621141195297
977,3.0,0.033299997448921204,0.002032926306128502,0.0,0.0,0.035332925617694855
978,3.0,0.07093797624111176,0.007856913842260838,0.0,0.0,0.07879488915205002
979,3.0,0.029221275821328163,0.0015582190826535225,0.0,0.0,0.03077949583530426
980,3.0,0.03673599660396576,0.00286652659997344,0.0,0.0,0.03960252180695534
981,3.0,0.03482385352253914,0.002243220806121826,0.0,0.0,0.037067074328660965
982,3.0,0.03736425191164017,0.0024696900509297848,0.0,0.0,0.03983394056558609
983,3.0,0.03314116224646568,0.0020409671124070883,0.0,0.0,0.035182129591703415
984,3.0,0.04594089090824127,0.0036029862239956856,0.0,0.0,0.04954387620091438
985,3.0,0.0375630222260952,0.002662958577275276,0.0,0.0,0.040225982666015625
986,3.0,0.035094305872917175,0.0019218157976865768,0.0,0.0,0.0370161235332489
987,3.0,0.03410838544368744,0.0018655592575669289,0.0,0.0,0.03597394376993179
988,3.0,0.03671807795763016,0.002721014665439725,0.0,0.0,0.03943909332156181
989,3.0,0.046920377761125565,0.003992713056504726,0.0,0.0,0.050913091748952866
990,3.0,0.03674600273370743,0.002065541921183467,0.0,0.0,0.03881154581904411
991,3.0,0.038234297186136246,0.002861873246729374,0.0,0.0,0.041096169501543045
992,3.0,0.03422251343727112,0.0017996997339650989,0.0,0.0,0.036022212356328964
993,3.0,0.03727475553750992,0.0027536507695913315,0.0,0.0,0.0400284081697464
994,3.0,0.03440365940332413,0.001789817470125854,0.0,0.0,0.036193475127220154
995,3.0,0.03459164500236511,0.001891094259917736,0.0,0.0,0.03648274019360542
996,3.0,0.04237037152051926,0.00343155674636364,0.0,0.0,0.045801930129528046
997,3.0,0.03417340666055679,0.0020496826618909836,0.0,0.0,0.036223091185092926
998,3.0,0.039971526712179184,0.0030331662856042385,0.0,0.0,0.04300469160079956
999,3.0,0.03158104419708252,0.0017794747836887836,0.0,0.0,0.033360518515110016
1000,3.0,0.03829684108495712,0.0028655906207859516,0.0,0.0,0.04116243124008179
1001,3.0,0.029784664511680603,0.001634131884202361,0.0,0.0,0.03141879662871361
1002,3.0,0.029203468933701515,0.0014662195462733507,0.0,0.0,0.030669689178466797
1003,3.0,0.039172232151031494,0.003001587465405464,0.0,0.0,0.04217381775379181
1004,3.0,0.03526008874177933,0.002557848347350955,0.0,0.0,0.03781793639063835
1005,3.0,0.02771429903805256,0.0013493692968040705,0.0,0.0,0.029063668102025986
1006,3.0,0.03330378234386444,0.0018970045493915677,0.0,0.0,0.03520078584551811
1007,3.0,0.03101956844329834,0.0019324315944686532,0.0,0.0,0.032951999455690384
1008,3.0,0.02656385861337185,0.001247933367267251,0.0,0.0,0.027811791747808456
1009,3.0,0.04317063093185425,0.003682127920910716,0.0,0.0,0.04685276001691818
1010,3.0,0.038694657385349274,0.0029822704382240772,0.0,0.0,0.041676927357912064
1011,3.0,0.040016815066337585,0.003254259005188942,0.0,0.0,0.04327107220888138
1012,3.0,0.028008876368403435,0.0015130701940506697,0.0,0.0,0.029521945863962173
1013,3.0,0.039932362735271454,0.003292025765404105,0.0,0.0,0.04322438687086105
1014,3.0,0.03995003551244736,0.0029038621578365564,0.0,0.0,0.04285389930009842
1015,3.0,0.033209554851055145,0.0020714045967906713,0.0,0.0,0.03528095781803131
1016,3.0,0.05021810531616211,0.0041924091055989265,0.0,0.0,0.05441051349043846
1017,3.0,0.0309298075735569,0.0018354766070842743,0.0,0.0,0.032765284180641174
1018,3.0,0.030038513243198395,0.00154035200830549,0.0,0.0,0.03157886490225792
1019,3.0,0.03332841396331787,0.0019352363888174295,0.0,0.0,0.03526365011930466
1020,3.0,0.05110957473516464,0.004751061089336872,0.0,0.0,0.05586063489317894
1021,3.0,0.03690671920776367,0.00234893336892128,0.0,0.0,0.03925565257668495
1022,3.0,0.03772498667240143,0.0023096175864338875,0.0,0.0,0.04003460332751274
1023,3.0,0.04510641098022461,0.00408179871737957,0.0,0.0,0.04918821156024933
1024,3.0,0.04022189974784851,0.002828442957252264,0.0,0.0,0.04305034130811691
1025,3.0,0.04007873311638832,0.0028788556810468435,0.0,0.0,0.04295758903026581
1026,3.0,0.04141521453857422,0.002405590144917369,0.0,0.0,0.043820805847644806
1027,3.0,0.036046989262104034,0.0025795407127588987,0.0,0.0,0.038626529276371
1028,3.0,0.042973414063453674,0.003195896279066801,0.0,0.0,0.04616931080818176
1029,3.0,0.037028223276138306,0.0019401726312935352,0.0,0.0,0.038968395441770554
1030,3.0,0.042859308421611786,0.0032163059804588556,0.0,0.0,0.04607561603188515
1031,3.0,0.0397193469107151,0.002929561771452427,0.0,0.0,0.042648907750844955
1032,3.0,0.03198513388633728,0.001825329614803195,0.0,0.0,0.033810462802648544
1033,3.0,0.03769967705011368,0.0029168478213250637,0.0,0.0,0.04061652347445488
1034,3.0,0.05324307829141617,0.004658667836338282,0.0,0.0,0.05790174752473831
1035,3.0,0.0389745756983757,0.002746716607362032,0.0,0.0,0.04172129184007645
1036,3.0,0.03433232009410858,0.002057494129985571,0.0,0.0,0.03638981282711029
1037,3.0,0.038506172597408295,0.00220143748447299,0.0,0.0,0.04070761054754257
1038,3.0,0.05093422532081604,0.004301870241761208,0.0,0.0,0.0552360936999321
1039,3.0,0.03838551789522171,0.0026405961252748966,0.0,0.0,0.04102611541748047
1040,3.0,0.03590685874223709,0.0022282616700977087,0.0,0.0,0.038135118782520294
1041,3.0,0.03358571603894234,0.0019294344820082188,0.0,0.0,0.03551515191793442
1042,3.0,0.043559491634368896,0.003570574102923274,0.0,0.0,0.04713006690144539
1043,3.0,0.03599187731742859,0.0021173616405576468,0.0,0.0,0.03810923919081688
1044,3.0,0.03486429154872894,0.00199625501409173,0.0,0.0,0.036860547959804535
1045,3.0,0.0339047871530056,0.0019022427732124925,0.0,0.0,0.03580702841281891
1046,3.0,0.034904684871435165,0.002174715045839548,0.0,0.0,0.037079401314258575
1047,3.0,0.04589317739009857,0.003976446110755205,0.0,0.0,0.04986962303519249
1048,3.0,0.06655501574277878,0.007244118954986334,0.0,0.0,0.07379913330078125
1049,3.0,0.0388946533203125,0.003045768942683935,0.0,0.0,0.04194042086601257
1050,3.0,0.03290507569909096,0.0018874419620260596,0.0,0.0,0.03479251638054848
1051,3.0,0.038432035595178604,0.002807371085509658,0.0,0.0,0.041239406913518906
1052,3.0,0.033016372472047806,0.0021787863224744797,0.0,0.0,0.035195156931877136
1053,3.0,0.05077841132879257,0.004344007931649685,0.0,0.0,0.05512242019176483
1054,3.0,0.03716631978750229,0.002590771298855543,0.0,0.0,0.03975709155201912
1055,3.0,0.034909993410110474,0.0019231995102018118,0.0,0.0,0.03683319315314293
1056,3.0,0.03497106581926346,0.0021061343140900135,0.0,0.0,0.037077199667692184
1057,3.0,0.03345498442649841,0.0017567089525982738,0.0,0.0,0.03521169349551201
1058,3.0,0.03851943463087082,0.0028528585098683834,0.0,0.0,0.04137229174375534
1059,3.0,0.04141070321202278,0.002688639797270298,0.0,0.0,0.044099342077970505
1060,3.0,0.03562988340854645,0.0023324156645685434,0.0,0.0,0.03796229884028435
1061,3.0,0.0365651473402977,0.002471629064530134,0.0,0.0,0.03903677687048912
1062,3.0,0.030974043533205986,0.0016801520250737667,0.0,0.0,0.03265419602394104
1063,3.0,0.041660889983177185,0.002944412175565958,0.0,0.0,0.044605303555727005
1064,3.0,0.03657529875636101,0.0026998608373105526,0.0,0.0,0.0392751581966877
1065,3.0,0.03471797704696655,0.0021852024365216494,0.0,0.0,0.03690318018198013
1066,3.0,0.058883629739284515,0.005515466444194317,0.0,0.0,0.06439909338951111
1067,3.0,0.03287210315465927,0.0016088681295514107,0.0,0.0,0.03448097035288811
1068,3.0,0.05235635116696358,0.004651174880564213,0.0,0.0,0.057007525116205215
1069,3.0,0.03278978914022446,0.0018582543125376105,0.0,0.0,0.03464804217219353
1070,3.0,0.037149228155612946,0.002098850905895233,0.0,0.0,0.03924807906150818
1071,3.0,0.03750839829444885,0.002758428454399109,0.0,0.0,0.04026682674884796
1072,3.0,0.03753891959786415,0.002869840245693922,0.0,0.0,0.04040876030921936
1073,3.0,0.036145128309726715,0.002303106477484107,0.0,0.0,0.038448233157396317
1074,3.0,0.03493798151612282,0.0021155220456421375,0.0,0.0,0.03705350309610367
1075,3.0,0.038435276597738266,0.0029259128496050835,0.0,0.0,0.041361190378665924
1076,3.0,0.047555409371852875,0.004021352156996727,0.0,0.0,0.05157676339149475
1077,3.0,0.04153120145201683,0.003341453615576029,0.0,0.0,0.04487265646457672
1078,3.0,0.03588069975376129,0.002072763629257679,0.0,0.0,0.037953462451696396
1079,3.0,0.04524129629135132,0.004031940829008818,0.0,0.0,0.04927323758602142
1080,3.0,0.048305559903383255,0.004146122839301825,0.0,0.0,0.05245168134570122
1081,3.0,0.03617648780345917,0.0021220725029706955,0.0,0.0,0.03829856216907501
1082,3.0,0.039539702236652374,0.003193336073309183,0.0,0.0,0.04273303970694542
1083,3.0,0.04200989380478859,0.003160742111504078,0.0,0.0,0.04517063498497009
1084,3.0,0.036681897938251495,0.0023531666956841946,0.0,0.0,0.03903506323695183
1085,3.0,0.034678444266319275,0.0018328133737668395,0.0,0.0,0.03651125729084015
1086,3.0,0.0334613174200058,0.0018991632387042046,0.0,0.0,0.03536048159003258
1087,3.0,0.03547634929418564,0.0023110099136829376,0.0,0.0,0.037787359207868576
1088,3.0,0.04283160716295242,0.003692904021590948,0.0,0.0,0.04652450978755951
1089,3.0,0.03308453410863876,0.001778207952156663,0.0,0.0,0.03486274182796478
1090,3.0,0.057471863925457,0.005607186816632748,0.0,0.0,0.06307905167341232
1091,3.0,0.03628424555063248,0.002542036585509777,0.0,0.0,0.03882628306746483
1092,3.0,0.03047148883342743,0.0016561965458095074,0.0,0.0,0.032127685844898224
1093,3.0,0.03472163900732994,0.002173453103750944,0.0,0.0,0.03689509257674217
1094,3.0,0.03706149384379387,0.002820305759087205,0.0,0.0,0.03988179937005043
1095,3.0,0.03085133619606495,0.0017433115281164646,0.0,0.0,0.032594647258520126
1096,3.0,0.05214691907167435,0.004802273586392403,0.0,0.0,0.0569491907954216
1097,3.0,0.03708108887076378,0.002618298400193453,0.0,0.0,0.039699386805295944
1098,3.0,0.03446754068136215,0.00207635760307312,0.0,0.0,0.03654389828443527
1099,3.0,0.034536272287368774,0.0018585859797894955,0.0,0.0,0.03639485687017441
1100,3.0,0.03858525678515434,0.002862578025087714,0.0,0.0,0.04144783318042755
1101,3.0,0.03163620084524155,0.0016575406771153212,0.0,0.0,0.033293742686510086
1102,3.0,0.03019949235022068,0.0016738508129492402,0.0,0.0,0.03187334164977074
1103,3.0,0.06629885733127594,0.007365327328443527,0.0,0.0,0.07366418838500977
1104,3.0,0.034149445593357086,0.0021954134572297335,0.0,0.0,0.03634485974907875
1105,3.0,0.040689773857593536,0.0033714519813656807,0.0,0.0,0.04406122490763664
1106,3.0,0.036980040371418,0.0022665844298899174,0.0,0.0,0.03924662619829178
1107,3.0,0.03376968204975128,0.0018586369697004557,0.0,0.0,0.035628318786621094
1108,3.0,0.049709007143974304,0.0042429035529494286,0.0,0.0,0.05395191162824631
1109,3.0,0.03489719331264496,0.0021142105106264353,0.0,0.0,0.03701140359044075
1110,3.0,0.03715714067220688,0.0027175552677363157,0.0,0.0,0.03987469524145126
1111,3.0,0.03627639263868332,0.002267986536026001,0.0,0.0,0.03854437917470932
1112,3.0,0.033784087747335434,0.002078003715723753,0.0,0.0,0.035862091928720474
1113,3.0,0.030735023319721222,0.001701937522739172,0.0,0.0,0.03243695944547653
1114,3.0,0.036906883120536804,0.0023540318943560123,0.0,0.0,0.03926091641187668
1115,3.0,0.03171404078602791,0.0017744959332048893,0.0,0.0,0.03348853811621666
1116,3.0,0.032548218965530396,0.0019269088516011834,0.0,0.0,0.03447512909770012
1117,3.0,0.06308220326900482,0.00656714104115963,0.0,0.0,0.0696493461728096
1118,3.0,0.03483932092785835,0.0023105586878955364,0.0,0.0,0.037149880081415176
1119,3.0,0.033305563032627106,0.0019740257412195206,0.0,0.0,0.03527958691120148
1120,3.0,0.03664710372686386,0.0026509673334658146,0.0,0.0,0.03929807245731354
1121,3.0,0.037571705877780914,0.00259599881246686,0.0,0.0,0.04016770422458649
1122,3.0,0.03379569202661514,0.0019917155150324106,0.0,0.0,0.03578740730881691
1123,3.0,0.03383898735046387,0.002194042084738612,0.0,0.0,0.0360330305993557
1124,3.0,0.03725466877222061,0.0027081179432570934,0.0,0.0,0.03996278718113899
1125,3.0,0.03335157036781311,0.001977871637791395,0.0,0.0,0.03532944247126579
1126,3.0,0.03969897702336311,0.0029520122334361076,0.0,0.0,0.042650990188121796
1127,3.0,0.054103147238492966,0.004959390964359045,0.0,0.0,0.05906253680586815
1128,3.0,0.03753431886434555,0.002520021516829729,0.0,0.0,0.04005433991551399
1129,3.0,0.04222453758120537,0.0026562651619315147,0.0,0.0,0.04488080367445946
1130,3.0,0.03917998448014259,0.002666877582669258,0.0,0.0,0.041846863925457
1131,3.0,0.045770175755023956,0.004073296673595905,0.0,0.0,0.04984347149729729
1132,3.0,0.036589786410331726,0.002609971445053816,0.0,0.0,0.03919975832104683
1133,3.0,0.037642184644937515,0.002132151275873184,0.0,0.0,0.0397743359208107
1134,3.0,0.03680747002363205,0.0022606970742344856,0.0,0.0,0.03906816616654396
1135,3.0,0.04095921665430069,0.003033909946680069,0.0,0.0,0.04399312660098076
1136,3.0,0.0335332490503788,0.0019380763405933976,0.0,0.0,0.03547132387757301
1137,3.0,0.03324274718761444,0.0020160444546490908,0.0,0.0,0.03525879234075546
1138,3.0,0.03279517590999603,0.0020256470888853073,0.0,0.0,0.03482082486152649
1139,3.0,0.04402819275856018,0.003349082078784704,0.0,0.0,0.04737727344036102
1140,3.0,0.03064609318971634,0.0017434176988899708,0.0,0.0,0.03238951042294502
1141,3.0,0.034123145043849945,0.002245492534711957,0.0,0.0,0.03636863827705383
1142,3.0,0.03774957358837128,0.0029071690514683723,0.0,0.0,0.040656741708517075
1143,3.0,0.028851628303527832,0.001476367237046361,0.0,0.0,0.030327996239066124
1144,3.0,0.0318051353096962,0.001695753075182438,0.0,0.0,0.03350088745355606
1145,3.0,0.05747111886739731,0.005865234881639481,0.0,0.0,0.06333635747432709
1146,3.0,0.02906380221247673,0.0014299924951046705,0.0,0.0,0.03049379400908947
1147,3.0,0.036135148257017136,0.0024548289366066456,0.0,0.0,0.038589976727962494
1148,3.0,0.04475469887256622,0.003632454900071025,0.0,0.0,0.048387154936790466
1149,3.0,0.037109375,0.0027172290720045567,0.0,0.0,0.03982660546898842
1150,3.0,0.03498383238911629,0.0022568688727915287,0.0,0.0,0.03724070265889168
1151,3.0,0.03399069234728813,0.0019564551766961813,0.0,0.0,0.03594714775681496
1152,3.0,0.04733864590525627,0.004267606884241104,0.0,0.0,0.051606252789497375
1153,3.0,0.05403802543878555,0.004784472286701202,0.0,0.0,0.058822497725486755
1154,3.0,0.037241775542497635,0.002253800630569458,0.0,0.0,0.03949557617306709
1155,3.0,0.04011226445436478,0.0028100600466132164,0.0,0.0,0.04292232543230057
1156,3.0,0.0356358140707016,0.0021230587735772133,0.0,0.0,0.03775887191295624
1157,3.0,0.0362623929977417,0.0023635299876332283,0.0,0.0,0.03862592205405235
1158,3.0,0.03813165798783302,0.0021517393179237843,0.0,0.0,0.04028339684009552
1159,3.0,0.03841689974069595,0.0022431551478803158,0.0,0.0,0.04066005349159241
1160,3.0,0.03741644695401192,0.002611912786960602,0.0,0.0,0.04002835974097252
1161,3.0,0.04069403186440468,0.0030302447266876698,0.0,0.0,0.04372427612543106
1162,3.0,0.035501398146152496,0.002124438527971506,0.0,0.0,0.037625838071107864
1163,3.0,0.033915210515260696,0.001981722190976143,0.0,0.0,0.03589693456888199
1164,3.0,0.03531194478273392,0.002409909851849079,0.0,0.0,0.03772185370326042
1165,3.0,0.04527579993009567,0.0036923971492797136,0.0,0.0,0.04896819591522217
1166,3.0,0.05026771128177643,0.004474109038710594,0.0,0.0,0.05474182218313217
1167,3.0,0.049391381442546844,0.004697379190474749,0.0,0.0,0.054088760167360306
1168,3.0,0.03215719386935234,0.0017351671122014523,0.0,0.0,0.03389235958456993
1169,3.0,0.03372160717844963,0.0020563583821058273,0.0,0.0,0.03577796369791031
1170,3.0,0.032210979610681534,0.0016941542271524668,0.0,0.0,0.03390513360500336
1171,3.0,0.03644271939992905,0.0022082002833485603,0.0,0.0,0.03865091875195503
1172,3.0,0.03190527483820915,0.001846467494033277,0.0,0.0,0.03375174105167389
1173,3.0,0.04038408026099205,0.0028538419865071774,0.0,0.0,0.043237920850515366
1174,3.0,0.03781762346625328,0.0027250091079622507,0.0,0.0,0.04054263234138489
1175,3.0,0.03491387516260147,0.0020804950036108494,0.0,0.0,0.03699437156319618
1176,3.0,0.0337868332862854,0.0021205120719969273,0.0,0.0,0.03590734675526619
1177,3.0,0.03298220410943031,0.0020429519936442375,0.0,0.0,0.035025157034397125
1178,3.0,0.033113423734903336,0.002124581951647997,0.0,0.0,0.035238005220890045
1179,3.0,0.030360624194145203,0.0016726353205740452,0.0,0.0,0.03203326091170311
1180,3.0,0.05445851385593414,0.005153322592377663,0.0,0.0,0.059611834585666656
1181,3.0,0.03466366231441498,0.0022123954258859158,0.0,0.0,0.03687605634331703
1182,3.0,0.032996468245983124,0.0021062190644443035,0.0,0.0,0.035102687776088715
1183,3.0,0.03247429430484772,0.0018328506266698241,0.0,0.0,0.034307144582271576
1184,3.0,0.03168468922376633,0.0017923115519806743,0.0,0.0,0.03347700089216232
1185,3.0,0.034684352576732635,0.0018707793205976486,0.0,0.0,0.03655513375997543
1186,3.0,0.04352825880050659,0.003410108620300889,0.0,0.0,0.04693836718797684
1187,3.0,0.03342254459857941,0.002014284022152424,0.0,0.0,0.035436827689409256
1188,3.0,0.036150649189949036,0.002048573223873973,0.0,0.0,0.03819922357797623
1189,3.0,0.03371787443757057,0.002048775553703308,0.0,0.0,0.03576664999127388
1190,3.0,0.07927384972572327,0.00961100310087204,0.0,0.0,0.0888848528265953
1191,3.0,0.046930886805057526,0.0036610192619264126,0.0,0.0,0.050591904670000076
1192,3.0,0.04040646553039551,0.0030335711780935526,0.0,0.0,0.04344003647565842
1193,3.0,0.03689666837453842,0.0025289123877882957,0.0,0.0,0.03942558169364929
1194,3.0,0.03996434435248375,0.002347335685044527,0.0,0.0,0.04231167957186699
1195,3.0,0.04385095089673996,0.003421851433813572,0.0,0.0,0.04727280139923096
1196,4.0,0.04287036508321762,0.00308811804279685,0.0,0.0,0.04595848172903061
1197,4.0,0.04451453685760498,0.002773214830085635,0.0,0.0,0.047287750989198685
1198,4.0,0.043354056775569916,0.002824446652084589,0.0,0.0,0.04617850482463837
1199,4.0,0.04471562057733536,0.0027960778679698706,0.0,0.0,0.04751169681549072
1200,4.0,0.03757280856370926,0.002255970612168312,0.0,0.0,0.03982877731323242
1201,4.0,0.04032782465219498,0.002425568411126733,0.0,0.0,0.042753394693136215
1202,4.0,0.0340251550078392,0.0021013859659433365,0.0,0.0,0.03612653911113739
1203,4.0,0.035631269216537476,0.0023459377698600292,0.0,0.0,0.03797720745205879
1204,4.0,0.033990226686000824,0.0020624203607439995,0.0,0.0,0.0360526479780674
1205,4.0,0.06654135882854462,0.007099753245711327,0.0,0.0,0.07364111393690109
1206,4.0,0.03593995422124863,0.0024021570570766926,0.0,0.0,0.03834211081266403
1207,4.0,0.030337920412421227,0.0017238303553313017,0.0,0.0,0.032061751931905746
1208,4.0,0.03065495565533638,0.0017130342312157154,0.0,0.0,0.03236798942089081
1209,4.0,0.031424298882484436,0.0018545071361586452,0.0,0.0,0.033278804272413254
1210,4.0,0.02854505181312561,0.0014324730727821589,0.0,0.0,0.029977524653077126
1211,4.0,0.032863665372133255,0.0021749644074589014,0.0,0.0,0.03503863140940666
1212,4.0,0.06266942620277405,0.0065834117121994495,0.0,0.0,0.06925284117460251
1213,4.0,0.032496124505996704,0.001965346746146679,0.0,0.0,0.03446147218346596
1214,4.0,0.04517039656639099,0.0036599058657884598,0.0,0.0,0.0488303005695343
1215,4.0,0.030500562861561775,0.0016558808274567127,0.0,0.0,0.03215644508600235
1216,4.0,0.044276416301727295,0.0034229548182338476,0.0,0.0,0.04769936949014664
1217,4.0,0.03232680261135101,0.0019051897106692195,0.0,0.0,0.034231990575790405
1218,4.0,0.03524511680006981,0.0019289380870759487,0.0,0.0,0.037174053490161896
1219,4.0,0.03541848808526993,0.0021223414223641157,0.0,0.0,0.03754083067178726
1220,4.0,0.033258985728025436,0.001800344791263342,0.0,0.0,0.035059329122304916
1221,4.0,0.03765931725502014,0.002846379764378071,0.0,0.0,0.04050569608807564
1222,4.0,0.039532847702503204,0.0029047694988548756,0.0,0.0,0.04243761673569679
1223,4.0,0.03454648703336716,0.002196553163230419,0.0,0.0,0.03674304112792015
1224,4.0,0.04186422377824783,0.0034705977886915207,0.0,0.0,0.0453348234295845
1225,4.0,0.05303436145186424,0.004679582081735134,0.0,0.0,0.05771394446492195
1226,4.0,0.033020079135894775,0.00198229867964983,0.0,0.0,0.03500237688422203
1227,4.0,0.03334042802453041,0.001918386435136199,0.0,0.0,0.03525881469249725
1228,4.0,0.03556060418486595,0.002361743710935116,0.0,0.0,0.03792234882712364
1229,4.0,0.03296337649226189,0.00199956726282835,0.0,0.0,0.03496294468641281
1230,4.0,0.03767658397555351,0.0027475878596305847,0.0,0.0,0.0404241718351841
1231,4.0,0.032572224736213684,0.0018313529435545206,0.0,0.0,0.03440357744693756
1232,4.0,0.03741445392370224,0.0027372746262699366,0.0,0.0,0.04015173017978668
1233,4.0,0.03773646801710129,0.002855909988284111,0.0,0.0,0.04059237986803055
1234,4.0,0.0323808453977108,0.0021016262471675873,0.0,0.0,0.03448247164487839
1235,4.0,0.05172457545995712,0.00508195860311389,0.0,0.0,0.0568065345287323
1236,4.0,0.033422358334064484,0.002020686399191618,0.0,0.0,0.03544304519891739
1237,4.0,0.030668318271636963,0.0015468316851183772,0.0,0.0,0.03221514821052551
1238,4.0,0.04565708339214325,0.004087632056325674,0.0,0.0,0.04974471405148506
1239,4.0,0.03286843001842499,0.002002824330702424,0.0,0.0,0.03487125411629677
1240,4.0,0.03314073756337166,0.0020131953060626984,0.0,0.0,0.03515393286943436
1241,4.0,0.03110920824110508,0.0017398397903889418,0.0,0.0,0.03284904733300209
1242,4.0,0.03418368846178055,0.001994932536035776,0.0,0.0,0.036178622394800186
1243,4.0,0.03401273116469383,0.001986066810786724,0.0,0.0,0.03599879890680313
1244,4.0,0.033743515610694885,0.0019460543990135193,0.0,0.0,0.035689570009708405
1245,4.0,0.04925346374511719,0.0047162435948848724,0.0,0.0,0.05396970734000206
1246,4.0,0.030386067926883698,0.0016917729517444968,0.0,0.0,0.0320778414607048
1247,4.0,0.03566082566976547,0.002557041822001338,0.0,0.0,0.03821786865592003
1248,4.0,0.031802911311388016,0.0016965910326689482,0.0,0.0,0.03349950164556503
1249,4.0,0.03728014975786209,0.002839495427906513,0.0,0.0,0.04011964425444603
1250,4.0,0.04446994885802269,0.003985250368714333,0.0,0.0,0.04845520108938217
1251,4.0,0.056918997317552567,0.005449199117720127,0.0,0.0,0.06236819550395012
1252,4.0,0.060990527272224426,0.005819923244416714,0.0,0.0,0.06681045144796371
1253,4.0,0.03707375377416611,0.00264885020442307,0.0,0.0,0.03972260281443596
1254,4.0,0.03576640412211418,0.0022169132716953754,0.0,0.0,0.03798331692814827
1255,4.0,0.03639960289001465,0.0024873875081539154,0.0,0.0,0.038886990398168564
1256,4.0,0.03766515105962753,0.0023058513179421425,0.0,0.0,0.0399710014462471
1257,4.0,0.04319005087018013,0.0027909884229302406,0.0,0.0,0.045981038361787796
1258,4.0,0.03586248680949211,0.002301882253959775,0.0,0.0,0.03816436976194382
1259,4.0,0.03495649993419647,0.002018334809690714,0.0,0.0,0.03697483614087105
1260,4.0,0.03821452707052231,0.0026752473786473274,0.0,0.0,0.04088977351784706
1261,4.0,0.03472242131829262,0.0020910236053168774,0.0,0.0,0.03681344538927078
1262,4.0,0.03742121532559395,0.002062442945316434,0.0,0.0,0.03948365896940231
1263,4.0,0.03231628239154816,0.0018224436789751053,0.0,0.0,0.03413872420787811
1264,4.0,0.06592755019664764,0.006851809099316597,0.0,0.0,0.07277935743331909
1265,4.0,0.030846519395709038,0.0017555912490934134,0.0,0.0,0.032602109014987946
1266,4.0,0.03989742696285248,0.0030590062960982323,0.0,0.0,0.042956434190273285
1267,4.0,0.03764130547642708,0.002931085880845785,0.0,0.0,0.040572389960289
1268,4.0,0.039637304842472076,0.0033749649301171303,0.0,0.0,0.04301226884126663
1269,4.0,0.03667795658111572,0.0026701227761805058,0.0,0.0,0.03934808075428009
1270,4.0,0.0365566611289978,0.002708727726712823,0.0,0.0,0.03926539048552513
1271,4.0,0.05792967230081558,0.005752497352659702,0.0,0.0,0.06368216872215271
1272,4.0,0.03269471228122711,0.0017278713639825583,0.0,0.0,0.034422583878040314
1273,4.0,0.05077376216650009,0.004940241575241089,0.0,0.0,0.05571400374174118
1274,4.0,0.03481438010931015,0.002246592892333865,0.0,0.0,0.037060972303152084
1275,4.0,0.03419240936636925,0.0021857682149857283,0.0,0.0,0.036378178745508194
1276,4.0,0.03376414626836777,0.002017398364841938,0.0,0.0,0.03578154370188713
1277,4.0,0.03530976548790932,0.001923504052683711,0.0,0.0,0.037233270704746246
1278,4.0,0.033586256206035614,0.0021489341743290424,0.0,0.0,0.03573518991470337
1279,4.0,0.042055509984493256,0.003406004048883915,0.0,0.0,0.045461513102054596
1280,4.0,0.033850062638521194,0.0019963597878813744,0.0,0.0,0.03584642335772514
1281,4.0,0.03415234386920929,0.0020013009198009968,0.0,0.0,0.036153644323349
1282,4.0,0.03531510382890701,0.0022845612838864326,0.0,0.0,0.03759966418147087
1283,4.0,0.032475195825099945,0.001974442508071661,0.0,0.0,0.034449636936187744
1284,4.0,0.0343887060880661,0.0019215794745832682,0.0,0.0,0.036310285329818726
1285,4.0,0.031010622158646584,0.0017184088937938213,0.0,0.0,0.03272902965545654
1286,4.0,0.047762542963027954,0.003810375928878784,0.0,0.0,0.05157291889190674
1287,4.0,0.0314706526696682,0.0018076632404699922,0.0,0.0,0.033278316259384155
1288,4.0,0.03600749373435974,0.0025605028495192528,0.0,0.0,0.03856799751520157
1289,4.0,0.03492555022239685,0.0022306093014776707,0.0,0.0,0.03715616092085838
1290,4.0,0.05787549912929535,0.0053253257647156715,0.0,0.0,0.06320082396268845
1291,4.0,0.034031327813863754,0.0020458633080124855,0.0,0.0,0.036077190190553665
1292,4.0,0.034461140632629395,0.0021392451599240303,0.0,0.0,0.03660038486123085
1293,4.0,0.04984854906797409,0.0045160152949392796,0.0,0.0,0.05436456575989723
1294,4.0,0.0343659445643425,0.0021664921659976244,0.0,0.0,0.036532435566186905
1295,4.0,0.032573401927948,0.001833662623539567,0.0,0.0,0.03440706431865692
1296,4.0,0.03974802792072296,0.0029166294261813164,0.0,0.0,0.04266465827822685
1297,4.0,0.036011625081300735,0.002134025329723954,0.0,0.0,0.038145650178194046
1298,4.0,0.03350559622049332,0.0017601842992007732,0.0,0.0,0.03526578098535538
1299,4.0,0.03579740971326828,0.0024096849374473095,0.0,0.0,0.03820709511637688
1300,4.0,0.05520995333790779,0.005041487514972687,0.0,0.0,0.06025144085288048
1301,4.0,0.03129483759403229,0.0016973067540675402,0.0,0.0,0.03299214318394661
1302,4.0,0.03300921618938446,0.001735223107971251,0.0,0.0,0.03474443778395653
1303,4.0,0.03273535519838333,0.0017495335778221488,0.0,0.0,0.03448488935828209
1304,4.0,0.02991727739572525,0.0015275762416422367,0.0,0.0,0.03144485503435135
1305,4.0,0.042689643800258636,0.003375512547791004,0.0,0.0,0.046065155416727066
1306,4.0,0.032760076224803925,0.0019373641116544604,0.0,0.0,0.03469743952155113
1307,4.0,0.02900487557053566,0.0014139898121356964,0.0,0.0,0.030418865382671356
1308,4.0,0.04229845106601715,0.0033660917542874813,0.0,0.0,0.04566454142332077
1309,4.0,0.041210874915122986,0.002975243842229247,0.0,0.0,0.04418611899018288
1310,4.0,0.037313107401132584,0.0024023540318012238,0.0,0.0,0.03971546143293381
1311,4.0,0.03145037591457367,0.0018684822134673595,0.0,0.0,0.033318858593702316
1312,4.0,0.03044339269399643,0.0015595353906974196,0.0,0.0,0.03200292959809303
1313,4.0,0.031605206429958344,0.0018128028605133295,0.0,0.0,0.03341801092028618
1314,4.0,0.031800828874111176,0.001980875851586461,0.0,0.0,0.03378170356154442
1315,4.0,0.03614971041679382,0.0026195356622338295,0.0,0.0,0.03876924514770508
1316,4.0,0.034027278423309326,0.0021248413249850273,0.0,0.0,0.03615212067961693
1317,4.0,0.03718484193086624,0.0024924492463469505,0.0,0.0,0.03967729210853577
1318,4.0,0.039597202092409134,0.0033298837952315807,0.0,0.0,0.042927086353302
1319,4.0,0.05589674785733223,0.0052213650196790695,0.0,0.0,0.06111811101436615
1320,4.0,0.036078885197639465,0.0025166249834001064,0.0,0.0,0.03859550878405571
1321,4.0,0.04003852233290672,0.0033813887275755405,0.0,0.0,0.043419912457466125
1322,4.0,0.04154501110315323,0.0034516998566687107,0.0,0.0,0.0449967123568058
1323,4.0,0.03626343607902527,0.0022333255037665367,0.0,0.0,0.03849676251411438
1324,4.0,0.03673463314771652,0.002442992525175214,0.0,0.0,0.03917762637138367
1325,4.0,0.03529950976371765,0.0020942077971994877,0.0,0.0,0.037393718957901
1326,4.0,0.03433455154299736,0.0020639675203710794,0.0,0.0,0.036398518830537796
1327,4.0,0.04095945134758949,0.0031246542930603027,0.0,0.0,0.044084105640649796
1328,4.0,0.039627548307180405,0.002928229747340083,0.0,0.0,0.042555779218673706
1329,4.0,0.04035906493663788,0.003042600816115737,0.0,0.0,0.04340166598558426
1330,4.0,0.038196153938770294,0.0028277102392166853,0.0,0.0,0.0410238653421402
1331,4.0,0.034021954983472824,0.001978009007871151,0.0,0.0,0.03599996492266655
1332,4.0,0.03728196397423744,0.00254683755338192,0.0,0.0,0.03982879966497421
1333,4.0,0.03569957613945007,0.0018409497570246458,0.0,0.0,0.03754052519798279
1334,4.0,0.04120875522494316,0.003135974518954754,0.0,0.0,0.04434473067522049
1335,4.0,0.03604184091091156,0.0019717011600732803,0.0,0.0,0.03801354020833969
1336,4.0,0.030914470553398132,0.0017048378940671682,0.0,0.0,0.032619308680295944
1337,4.0,0.03411169350147247,0.0017182240262627602,0.0,0.0,0.03582991659641266
1338,4.0,0.032676927745342255,0.0018494233954697847,0.0,0.0,0.03452635183930397
1339,4.0,0.03745588660240173,0.0028101070784032345,0.0,0.0,0.040265992283821106
1340,4.0,0.037173859775066376,0.0027430239133536816,0.0,0.0,0.039916884154081345
1341,4.0,0.03783203661441803,0.002932365518063307,0.0,0.0,0.040764402598142624
1342,4.0,0.03002157248556614,0.0016509449342265725,0.0,0.0,0.03167251870036125
1343,4.0,0.030230805277824402,0.001649663783609867,0.0,0.0,0.031880468130111694
1344,4.0,0.042515888810157776,0.002975241746753454,0.0,0.0,0.04549112915992737
1345,4.0,0.02906237170100212,0.0015696506015956402,0.0,0.0,0.03063202276825905
1346,4.0,0.030174637213349342,0.001589468913152814,0.0,0.0,0.03176410496234894
1347,4.0,0.08192417025566101,0.010038426145911217,0.0,0.0,0.09196259826421738
1348,4.0,0.0366334393620491,0.0027019772678613663,0.0,0.0,0.03933541476726532
1349,4.0,0.035061582922935486,0.002529292134568095,0.0,0.0,0.0375908762216568
1350,4.0,0.03580532968044281,0.0020292026456445456,0.0,0.0,0.037834532558918
1351,4.0,0.03032241016626358,0.0016223532147705555,0.0,0.0,0.03194476291537285
1352,4.0,0.0373966284096241,0.0026891243178397417,0.0,0.0,0.04008575156331062
1353,4.0,0.03638114035129547,0.0026160809211432934,0.0,0.0,0.03899722173810005
1354,4.0,0.04601828753948212,0.003752908669412136,0.0,0.0,0.04977119714021683
1355,4.0,0.03730916976928711,0.002592690521851182,0.0,0.0,0.03990186005830765
1356,4.0,0.03523629903793335,0.0022406908683478832,0.0,0.0,0.03747699037194252
1357,4.0,0.0416620597243309,0.003433723235502839,0.0,0.0,0.0450957827270031
1358,4.0,0.03734126687049866,0.0026082335971295834,0.0,0.0,0.03994949907064438
1359,4.0,0.03610480576753616,0.001968882279470563,0.0,0.0,0.03807368874549866
1360,4.0,0.034083232283592224,0.00185041141230613,0.0,0.0,0.03593364357948303
1361,4.0,0.03448013961315155,0.0021565607748925686,0.0,0.0,0.03663669899106026
1362,4.0,0.03112119808793068,0.0015328943263739347,0.0,0.0,0.03265409171581268
1363,4.0,0.03916224092245102,0.0024572620168328285,0.0,0.0,0.04161950200796127
1364,4.0,0.02769625559449196,0.0013182945549488068,0.0,0.0,0.029014550149440765
1365,4.0,0.03398694470524788,0.0021776724606752396,0.0,0.0,0.03616461902856827
1366,4.0,0.0631076768040657,0.006169978529214859,0.0,0.0,0.06927765905857086
1367,4.0,0.030296314507722855,0.0015867850743234158,0.0,0.0,0.03188309818506241
1368,4.0,0.0462370440363884,0.003838821779936552,0.0,0.0,0.05007586628198624
1369,4.0,0.03894909471273422,0.0028072637505829334,0.0,0.0,0.04175635799765587
1370,4.0,0.03274937719106674,0.0020191329531371593,0.0,0.0,0.03476851060986519
1371,4.0,0.048090316355228424,0.0039029018953442574,0.0,0.0,0.05199321731925011
1372,4.0,0.035182319581508636,0.0025108822155743837,0.0,0.0,0.03769320249557495
1373,4.0,0.032161496579647064,0.0020306603983044624,0.0,0.0,0.03419215604662895
1374,4.0,0.03854161128401756,0.002931706141680479,0.0,0.0,0.04147331789135933
1375,4.0,0.0314917229115963,0.0017293551936745644,0.0,0.0,0.03322107717394829
1376,4.0,0.039883874356746674,0.002969751600176096,0.0,0.0,0.04285362735390663
1377,4.0,0.0414033904671669,0.0030537364073097706,0.0,0.0,0.044457126408815384
1378,4.0,0.04690589755773544,0.0038469256833195686,0.0,0.0,0.05075282230973244
1379,4.0,0.04113505035638809,0.0029297159053385258,0.0,0.0,0.04406476765871048
1380,4.0,0.039845917373895645,0.003087390214204788,0.0,0.0,0.04293330758810043
1381,4.0,0.04014340415596962,0.0025764107704162598,0.0,0.0,0.04271981492638588
1382,4.0,0.039626412093639374,0.0024787422735244036,0.0,0.0,0.04210515320301056
1383,4.0,0.04502886161208153,0.0029586912132799625,0.0,0.0,0.04798755422234535
1384,4.0,0.037717439234256744,0.00218075979501009,0.0,0.0,0.03989819809794426
1385,4.0,0.03546244651079178,0.002017586724832654,0.0,0.0,0.037480033934116364
1386,4.0,0.03810451924800873,0.0025896155275404453,0.0,0.0,0.040694136172533035
1387,4.0,0.04243077337741852,0.003325693542137742,0.0,0.0,0.045756466686725616
1388,4.0,0.03973064199090004,0.0030235974118113518,0.0,0.0,0.042754240334033966
1389,4.0,0.03760296106338501,0.00223487033508718,0.0,0.0,0.039837829768657684
1390,4.0,0.05817713215947151,0.005544573068618774,0.0,0.0,0.06372170150279999
1391,4.0,0.035581525415182114,0.0024948359932750463,0.0,0.0,0.038076359778642654
1392,4.0,0.0470137819647789,0.004341411404311657,0.0,0.0,0.05135519430041313
1393,4.0,0.03740283101797104,0.0026525710709393024,0.0,0.0,0.040055401623249054
1394,4.0,0.03558657318353653,0.0023350296542048454,0.0,0.0,0.03792160376906395
1395,4.0,0.0323052778840065,0.0016742066945880651,0.0,0.0,0.03397948294878006
1396,4.0,0.05522948503494263,0.0051417541690170765,0.0,0.0,0.060371238738298416
1397,4.0,0.03740715980529785,0.0022684631403535604,0.0,0.0,0.039675623178482056
1398,4.0,0.040418557822704315,0.002820403315126896,0.0,0.0,0.043238960206508636
1399,4.0,0.04187444597482681,0.0031000934541225433,0.0,0.0,0.044974539428949356
1400,4.0,0.03938193619251251,0.0027314741164445877,0.0,0.0,0.04211340844631195
1401,4.0,0.042423270642757416,0.003625757060945034,0.0,0.0,0.046049028635025024
1402,4.0,0.034635838121175766,0.0021136743016541004,0.0,0.0,0.03674951195716858
1403,4.0,0.038847118616104126,0.0026768576353788376,0.0,0.0,0.04152397811412811
1404,4.0,0.03967690467834473,0.0028502894565463066,0.0,0.0,0.04252719506621361
1405,4.0,0.036744121462106705,0.002066530752927065,0.0,0.0,0.03881065174937248
1406,4.0,0.0396256186068058,0.002791420556604862,0.0,0.0,0.04241703823208809
1407,4.0,0.03309079632163048,0.0019169867737218738,0.0,0.0,0.0350077822804451
1408,4.0,0.037449032068252563,0.002551042241975665,0.0,0.0,0.0400000736117363
1409,4.0,0.03208872675895691,0.0018962863832712173,0.0,0.0,0.03398501127958298
1410,4.0,0.0330185703933239,0.0019419535528868437,0.0,0.0,0.03496052324771881
1411,4.0,0.03135623037815094,0.0017770754639059305,0.0,0.0,0.03313330560922623
1412,4.0,0.028188904747366905,0.0014721464831382036,0.0,0.0,0.02966105192899704
1413,4.0,0.030336478725075722,0.00173472729511559,0.0,0.0,0.03207120671868324
1414,4.0,0.028342649340629578,0.0014283170457929373,0.0,0.0,0.02977096661925316
1415,4.0,0.048954084515571594,0.004369916394352913,0.0,0.0,0.05332399904727936
1416,4.0,0.025870561599731445,0.0013360539451241493,0.0,0.0,0.02720661461353302
1417,4.0,0.03376559168100357,0.002116977237164974,0.0,0.0,0.03588256984949112
1418,4.0,0.02569758892059326,0.0012051905505359173,0.0,0.0,0.026902779936790466
1419,4.0,0.06459549069404602,0.006017535924911499,0.0,0.0,0.07061302661895752
1420,4.0,0.05245248228311539,0.0045623378828167915,0.0,0.0,0.057014819234609604
1421,4.0,0.030273322016000748,0.0017997834365814924,0.0,0.0,0.03207310661673546
1422,4.0,0.034243062138557434,0.0022016000002622604,0.0,0.0,0.036444664001464844
1423,4.0,0.0506022647023201,0.004396689124405384,0.0,0.0,0.05499895289540291
1424,4.0,0.05422315374016762,0.005018523894250393,0.0,0.0,0.059241678565740585
1425,4.0,0.03533086180686951,0.002146671758964658,0.0,0.0,0.037477534264326096
1426,4.0,0.03354676067829132,0.001976330764591694,0.0,0.0,0.03552309051156044
1427,4.0,0.040492694824934006,0.002905698958784342,0.0,0.0,0.04339839518070221
1428,4.0,0.03903473913669586,0.0022521934006363153,0.0,0.0,0.04128693416714668
1429,4.0,0.044403452426195145,0.003050119150429964,0.0,0.0,0.04745357111096382
1430,4.0,0.04314199090003967,0.0026184064336121082,0.0,0.0,0.045760396867990494
1431,4.0,0.04372723773121834,0.0030628752429038286,0.0,0.0,0.04679011180996895
1432,4.0,0.03699386119842529,0.0023518323432654142,0.0,0.0,0.039345692843198776
1433,4.0,0.03901858255267143,0.0024130530655384064,0.0,0.0,0.04143163561820984
1434,4.0,0.04199095070362091,0.0030417689122259617,0.0,0.0,0.045032721012830734
1435,4.0,0.03698943555355072,0.0020932448096573353,0.0,0.0,0.03908267989754677
1436,4.0,0.03885362297296524,0.002947891363874078,0.0,0.0,0.041801515966653824
1437,4.0,0.03715799003839493,0.0028221674729138613,0.0,0.0,0.03998015820980072
1438,4.0,0.050869595259428024,0.0047607263550162315,0.0,0.0,0.05563032254576683
1439,4.0,0.04250655323266983,0.003183725755661726,0.0,0.0,0.045690279453992844
1440,4.0,0.03064742684364319,0.001710166223347187,0.0,0.0,0.0323575921356678
1441,4.0,0.03345378488302231,0.0020566873718053102,0.0,0.0,0.03551047295331955
1442,4.0,0.0555601492524147,0.005456642247736454,0.0,0.0,0.06101679056882858
1443,4.0,0.03508467599749565,0.0022310216445475817,0.0,0.0,0.037315696477890015
1444,4.0,0.05627122521400452,0.005307924002408981,0.0,0.0,0.0615791492164135
1445,4.0,0.031162787228822708,0.0017670991364866495,0.0,0.0,0.032929886132478714
1446,4.0,0.0371352881193161,0.0021538741420954466,0.0,0.0,0.03928916156291962
1447,4.0,0.040937937796115875,0.0029757723677903414,0.0,0.0,0.04391371086239815
1448,4.0,0.03604496270418167,0.002268532756716013,0.0,0.0,0.038313496857881546
1449,4.0,0.03619738295674324,0.0020077265799045563,0.0,0.0,0.0382051095366478
1450,4.0,0.03581254556775093,0.002135574584826827,0.0,0.0,0.0379481203854084
1451,4.0,0.03193538635969162,0.001744261709973216,0.0,0.0,0.033679649233818054
1452,4.0,0.03508641943335533,0.002121930941939354,0.0,0.0,0.037208348512649536
1453,4.0,0.03868640959262848,0.0028705867007374763,0.0,0.0,0.04155699536204338
1454,4.0,0.03800949454307556,0.0028549903072416782,0.0,0.0,0.0408644862473011
1455,4.0,0.05768599361181259,0.0053923348896205425,0.0,0.0,0.06307832896709442
1456,4.0,0.061236295849084854,0.006476759444922209,0.0,0.0,0.06771305203437805
1457,4.0,0.038333602249622345,0.0028808792121708393,0.0,0.0,0.0412144809961319
1458,4.0,0.03257696330547333,0.0018529071239754558,0.0,0.0,0.034429870545864105
1459,4.0,0.034510158002376556,0.002140550408512354,0.0,0.0,0.03665070980787277
1460,4.0,0.03400348871946335,0.0020935749635100365,0.0,0.0,0.03609706461429596
1461,4.0,0.04053080826997757,0.0031508393585681915,0.0,0.0,0.04368164762854576
1462,4.0,0.036980099976062775,0.0021509870421141386,0.0,0.0,0.03913108631968498
1463,4.0,0.034607432782649994,0.002018998609855771,0.0,0.0,0.036626432090997696
1464,4.0,0.042387738823890686,0.003408500924706459,0.0,0.0,0.045796237885951996
1465,4.0,0.037334516644477844,0.002659868448972702,0.0,0.0,0.039994385093450546
1466,4.0,0.03778216987848282,0.0027459203265607357,0.0,0.0,0.04052808880805969
1467,4.0,0.03707684949040413,0.002813331549987197,0.0,0.0,0.03989018127322197
1468,4.0,0.03142669051885605,0.0017665382474660873,0.0,0.0,0.033193230628967285
1469,4.0,0.039868466556072235,0.0028464393690228462,0.0,0.0,0.04271490499377251
1470,4.0,0.048970915377140045,0.004289981443434954,0.0,0.0,0.05326089635491371
1471,4.0,0.03522302210330963,0.002009631134569645,0.0,0.0,0.0372326523065567
1472,4.0,0.033382296562194824,0.0019484558142721653,0.0,0.0,0.03533075377345085
1473,4.0,0.03759603202342987,0.0026573375798761845,0.0,0.0,0.04025337100028992
1474,4.0,0.04864981397986412,0.0041532437317073345,0.0,0.0,0.05280305817723274
1475,4.0,0.05812995508313179,0.005878276191651821,0.0,0.0,0.06400822848081589
1476,4.0,0.03894500806927681,0.0026860074140131474,0.0,0.0,0.04163101688027382
1477,4.0,0.03764384984970093,0.002686577383428812,0.0,0.0,0.0403304286301136
1478,4.0,0.04253970831632614,0.00285261869430542,0.0,0.0,0.04539232701063156
1479,4.0,0.041858576238155365,0.003066695062443614,0.0,0.0,0.0449252724647522
1480,4.0,0.04592714458703995,0.0032400148920714855,0.0,0.0,0.04916715994477272
1481,4.0,0.03581101819872856,0.002253682352602482,0.0,0.0,0.03806469962000847
1482,4.0,0.03750699758529663,0.002455091569572687,0.0,0.0,0.03996209055185318
1483,4.0,0.043577782809734344,0.0026712953113019466,0.0,0.0,0.04624907672405243
1484,4.0,0.040534116327762604,0.002408314263448119,0.0,0.0,0.04294243082404137
1485,4.0,0.03695233538746834,0.002331224735826254,0.0,0.0,0.03928355872631073
1486,4.0,0.059270307421684265,0.006049893796443939,0.0,0.0,0.0653202012181282
1487,4.0,0.05089280754327774,0.0042798155918717384,0.0,0.0,0.055172622203826904
1488,4.0,0.03589394688606262,0.0023129312321543694,0.0,0.0,0.038206879049539566
1489,4.0,0.03616594523191452,0.0022724606096744537,0.0,0.0,0.038438405841588974
1490,4.0,0.041928064078092575,0.003528470639139414,0.0,0.0,0.04545653611421585
1491,4.0,0.03865518420934677,0.0024383272975683212,0.0,0.0,0.04109351336956024
1492,4.0,0.04102163761854172,0.0030404217541217804,0.0,0.0,0.0440620593726635
1493,4.0,0.049542397260665894,0.004422208294272423,0.0,0.0,0.053964607417583466
1494,4.0,0.0465848371386528,0.003851533168926835,0.0,0.0,0.05043637007474899
1495,5.0,0.03717714920639992,0.0026727505028247833,0.0,0.0,0.0398498997092247
1496,5.0,0.038432516157627106,0.002213491592556238,0.0,0.0,0.040646009147167206
1497,5.0,0.03969678655266762,0.002677386160939932,0.0,0.0,0.04237417131662369
1498,5.0,0.03776266425848007,0.0027617185842245817,0.0,0.0,0.04052438214421272
1499,5.0,0.03760456293821335,0.0023906247224658728,0.0,0.0,0.039995186030864716
1500,5.0,0.034761033952236176,0.00202765129506588,0.0,0.0,0.036788687109947205
1501,5.0,0.033810678869485855,0.0019441040931269526,0.0,0.0,0.03575478121638298
1502,5.0,0.03876728564500809,0.0028978968039155006,0.0,0.0,0.04166518151760101
1503,5.0,0.03117082267999649,0.0017210918013006449,0.0,0.0,0.03289191424846649
1504,5.0,0.03144191950559616,0.0015167093370109797,0.0,0.0,0.032958630472421646
1505,5.0,0.04765210300683975,0.004004150163382292,0.0,0.0,0.05165625363588333
1506,5.0,0.03234482929110527,0.0019002746557816863,0.0,0.0,0.03424510359764099
1507,5.0,0.028343448415398598,0.0014062845148146152,0.0,0.0,0.029749732464551926
1508,5.0,0.029125340282917023,0.0015655348543077707,0.0,0.0,0.03069087490439415
1509,5.0,0.02650344930589199,0.0012687630951404572,0.0,0.0,0.027772212401032448
1510,5.0,0.03611181676387787,0.002837240928784013,0.0,0.0,0.03894905745983124
1511,5.0,0.05458217114210129,0.004933991935104132,0.0,0.0,0.05951616168022156
1512,5.0,0.055491626262664795,0.00504566403105855,0.0,0.0,0.06053728982806206
1513,5.0,0.03394084796309471,0.0021679606288671494,0.0,0.0,0.03610880672931671
1514,5.0,0.030652545392513275,0.001731231575831771,0.0,0.0,0.03238377720117569
1515,5.0,0.03929290175437927,0.0031095570884644985,0.0,0.0,0.04240245744585991
1516,5.0,0.03527238219976425,0.002345265354961157,0.0,0.0,0.03761764615774155
1517,5.0,0.03623843938112259,0.002523500472307205,0.0,0.0,0.038761939853429794
1518,5.0,0.03321242332458496,0.0019915022421628237,0.0,0.0,0.035203926265239716
1519,5.0,0.04081731662154198,0.0029162911232560873,0.0,0.0,0.04373360797762871
1520,5.0,0.04498795047402382,0.004018672741949558,0.0,0.0,0.0490066222846508
1521,5.0,0.03707807883620262,0.0022036563605070114,0.0,0.0,0.039281733334064484
1522,5.0,0.036589182913303375,0.0024642576463520527,0.0,0.0,0.03905344009399414
1523,5.0,0.045462653040885925,0.0036282986402511597,0.0,0.0,0.049090951681137085
1524,5.0,0.037878476083278656,0.0022215195931494236,0.0,0.0,0.04009999707341194
1525,5.0,0.03967879340052605,0.0028919046744704247,0.0,0.0,0.042570699006319046
1526,5.0,0.04260673001408577,0.0031595854088664055,0.0,0.0,0.04576631635427475
1527,5.0,0.03766650706529617,0.002358452882617712,0.0,0.0,0.04002495855093002
1528,5.0,0.03789697587490082,0.002150887157768011,0.0,0.0,0.04004786163568497
1529,5.0,0.0338732935488224,0.0021050507202744484,0.0,0.0,0.03597834333777428
1530,5.0,0.034029606729745865,0.0021239295601844788,0.0,0.0,0.036153536289930344
1531,5.0,0.04024834185838699,0.00339361559599638,0.0,0.0,0.04364195838570595
1532,5.0,0.03399493545293808,0.002067860681563616,0.0,0.0,0.03606279566884041
1533,5.0,0.03323438763618469,0.002020902233198285,0.0,0.0,0.03525529056787491
1534,5.0,0.031362514942884445,0.0019389798399060965,0.0,0.0,0.033301495015621185
1535,5.0,0.051797714084386826,0.0046234591864049435,0.0,0.0,0.05642117187380791
1536,5.0,0.029615798965096474,0.0016775386175140738,0.0,0.0,0.03129333630204201
1537,5.0,0.03197932243347168,0.002007527509704232,0.0,0.0,0.03398685157299042
1538,5.0,0.0348513200879097,0.0022874672431498766,0.0,0.0,0.03713878616690636
1539,5.0,0.027206791564822197,0.001421828754246235,0.0,0.0,0.028628621250391006
1540,5.0,0.029637586325407028,0.0016605323180556297,0.0,0.0,0.03129811957478523
1541,5.0,0.07440748810768127,0.007946891710162163,0.0,0.0,0.08235438168048859
1542,5.0,0.03265959769487381,0.001900408766232431,0.0,0.0,0.034560006111860275
1543,5.0,0.029396582394838333,0.0014788248809054494,0.0,0.0,0.03087540715932846
1544,5.0,0.04089538753032684,0.003182575572282076,0.0,0.0,0.04407796263694763
1545,5.0,0.03202885389328003,0.0017998232506215572,0.0,0.0,0.033828675746917725
1546,5.0,0.0513029545545578,0.004969034343957901,0.0,0.0,0.0562719888985157
1547,5.0,0.034951306879520416,0.001964012160897255,0.0,0.0,0.03691531717777252
1548,5.0,0.03912537172436714,0.0022019646130502224,0.0,0.0,0.0413273349404335
1549,5.0,0.03825828805565834,0.002642430830746889,0.0,0.0,0.04090071842074394
1550,5.0,0.037040963768959045,0.0024759755469858646,0.0,0.0,0.03951694071292877
1551,5.0,0.04353503882884979,0.003280770033597946,0.0,0.0,0.04681580886244774
1552,5.0,0.03513931855559349,0.0018885211320593953,0.0,0.0,0.037027839571237564
1553,5.0,0.035783104598522186,0.002109143417328596,0.0,0.0,0.03789224848151207
1554,5.0,0.03555157408118248,0.0022987225092947483,0.0,0.0,0.03785029798746109
1555,5.0,0.0441412590444088,0.0034706033766269684,0.0,0.0,0.04761186242103577
1556,5.0,0.03579145669937134,0.0021782696712762117,0.0,0.0,0.03796972706913948
1557,5.0,0.03561985492706299,0.0022338770795613527,0.0,0.0,0.03785373270511627
1558,5.0,0.03639201074838638,0.0025010283570736647,0.0,0.0,0.038893040269613266
1559,5.0,0.03259870409965515,0.002029526513069868,0.0,0.0,0.03462823107838631
1560,5.0,0.03537311404943466,0.002338679740205407,0.0,0.0,0.037711795419454575
1561,5.0,0.031200440600514412,0.0016295203240588307,0.0,0.0,0.03282996267080307
1562,5.0,0.03981763496994972,0.0033312710002064705,0.0,0.0,0.04314890503883362
1563,5.0,0.03347643092274666,0.0021413066424429417,0.0,0.0,0.03561773896217346
1564,5.0,0.03576628863811493,0.0026792376302182674,0.0,0.0,0.038445524871349335
1565,5.0,0.03594808280467987,0.0026136054657399654,0.0,0.0,0.038561686873435974
1566,5.0,0.030155828222632408,0.0015478674322366714,0.0,0.0,0.03170369565486908
1567,5.0,0.037305623292922974,0.0027662275824695826,0.0,0.0,0.04007185250520706
1568,5.0,0.03900556638836861,0.003009445033967495,0.0,0.0,0.042015012353658676
1569,5.0,0.03405182436108589,0.002183950040489435,0.0,0.0,0.03623577579855919
1570,5.0,0.031453292816877365,0.0017015393823385239,0.0,0.0,0.03315483033657074
1571,5.0,0.03604227304458618,0.0024221460334956646,0.0,0.0,0.038464419543743134
1572,5.0,0.03982051461935043,0.0028762980364263058,0.0,0.0,0.04269681125879288
1573,5.0,0.031699106097221375,0.0017885188572108746,0.0,0.0,0.033487625420093536
1574,5.0,0.07601425796747208,0.009007787331938744,0.0,0.0,0.08502204716205597
1575,5.0,0.06266862154006958,0.0064591458067297935,0.0,0.0,0.06912776827812195
1576,5.0,0.03350125625729561,0.0020912743639200926,0.0,0.0,0.03559252992272377
1577,5.0,0.035696208477020264,0.002083093160763383,0.0,0.0,0.037779301404953
1578,5.0,0.03738371282815933,0.0022569075226783752,0.0,0.0,0.03964062035083771
1579,5.0,0.04266185313463211,0.0027087682392448187,0.0,0.0,0.045370619744062424
1580,5.0,0.035229966044425964,0.002196612535044551,0.0,0.0,0.037426579743623734
1581,5.0,0.037603799253702164,0.0024702558293938637,0.0,0.0,0.04007405415177345
1582,5.0,0.042165402323007584,0.0028712707571685314,0.0,0.0,0.0450366735458374
1583,5.0,0.036463528871536255,0.002169231418520212,0.0,0.0,0.03863276168704033
1584,5.0,0.04316933825612068,0.0030308945570141077,0.0,0.0,0.046200234442949295
1585,5.0,0.046379897743463516,0.0037944288924336433,0.0,0.0,0.050174325704574585
1586,5.0,0.042032524943351746,0.0031518004834651947,0.0,0.0,0.04518432542681694
1587,5.0,0.034087929874658585,0.0020193387754261494,0.0,0.0,0.03610726818442345
1588,5.0,0.035048626363277435,0.0022001764737069607,0.0,0.0,0.037248801440000534
1589,5.0,0.03597676381468773,0.0019668384920805693,0.0,0.0,0.03794360160827637
1590,5.0,0.037199459969997406,0.002730319509282708,0.0,0.0,0.03992978110909462
1591,5.0,0.033006228506565094,0.001941267168149352,0.0,0.0,0.03494749590754509
1592,5.0,0.033247146755456924,0.002019773703068495,0.0,0.0,0.03526692092418671
1593,5.0,0.039329539984464645,0.0026095020584762096,0.0,0.0,0.04193904250860214
1594,5.0,0.0331643745303154,0.002095545642077923,0.0,0.0,0.0352599211037159
1595,5.0,0.04231224209070206,0.0030660172924399376,0.0,0.0,0.04537826031446457
1596,5.0,0.03105182945728302,0.0019254068611189723,0.0,0.0,0.032977234572172165
1597,5.0,0.03271947056055069,0.0017791560385376215,0.0,0.0,0.03449862822890282
1598,5.0,0.027585279196500778,0.0013155642664059997,0.0,0.0,0.028900843113660812
1599,5.0,0.03124368190765381,0.0018090457888320088,0.0,0.0,0.033052727580070496
1600,5.0,0.026521582156419754,0.0012576912995427847,0.0,0.0,0.027779273688793182
1601,5.0,0.03269246965646744,0.0020713903941214085,0.0,0.0,0.03476386144757271
1602,5.0,0.030192837119102478,0.0018043670570477843,0.0,0.0,0.0319972038269043
1603,5.0,0.04022493213415146,0.0032972930930554867,0.0,0.0,0.043522223830223083
1604,5.0,0.04122502729296684,0.003721422515809536,0.0,0.0,0.04494645074009895
1605,5.0,0.03905964270234108,0.003126696217805147,0.0,0.0,0.04218633845448494
1606,5.0,0.039927974343299866,0.0032364404760301113,0.0,0.0,0.043164413422346115
1607,5.0,0.03717877343297005,0.002896528923884034,0.0,0.0,0.04007530212402344
1608,5.0,0.030768197029829025,0.0018325143028050661,0.0,0.0,0.03260071203112602
1609,5.0,0.03513715788722038,0.0022600546944886446,0.0,0.0,0.03739721328020096
1610,5.0,0.038007788360118866,0.003012248547747731,0.0,0.0,0.04102003574371338
1611,5.0,0.07060801982879639,0.007837148383259773,0.0,0.0,0.07844516634941101
1612,5.0,0.039565011858940125,0.0033573107793927193,0.0,0.0,0.04292232170701027
1613,5.0,0.03268240764737129,0.0017838090425357223,0.0,0.0,0.0344662182033062
1614,5.0,0.037160277366638184,0.0021011517383158207,0.0,0.0,0.039261430501937866
1615,5.0,0.0378536619246006,0.0021637659519910812,0.0,0.0,0.04001742601394653
1616,5.0,0.04558051377534866,0.0030047958716750145,0.0,0.0,0.04858531057834625
1617,5.0,0.04526398330926895,0.0034708105958998203,0.0,0.0,0.048734795302152634
1618,5.0,0.03760513290762901,0.0026331827975809574,0.0,0.0,0.04023831710219383
1619,5.0,0.037210963666439056,0.0023067237343639135,0.0,0.0,0.039517685770988464
1620,5.0,0.04299869388341904,0.003045818768441677,0.0,0.0,0.04604451358318329
1621,5.0,0.03830556198954582,0.002425794955343008,0.0,0.0,0.04073135554790497
1622,5.0,0.04022496938705444,0.002773442305624485,0.0,0.0,0.042998410761356354
1623,5.0,0.03772322088479996,0.002478547627106309,0.0,0.0,0.04020176827907562
1624,5.0,0.03553514927625656,0.00213994225487113,0.0,0.0,0.03767509013414383
1625,5.0,0.05083036422729492,0.00471039954572916,0.0,0.0,0.05554076284170151
1626,5.0,0.038651857525110245,0.0028675945941358805,0.0,0.0,0.04151945188641548
1627,5.0,0.03738017752766609,0.002232989761978388,0.0,0.0,0.03961316868662834
1628,5.0,0.03383379429578781,0.0020694907288998365,0.0,0.0,0.035903286188840866
1629,5.0,0.0368301197886467,0.002690955065190792,0.0,0.0,0.039521075785160065
1630,5.0,0.030491529032588005,0.0016050541307777166,0.0,0.0,0.032096583396196365
1631,5.0,0.033236581832170486,0.002070086542516947,0.0,0.0,0.035306669771671295
1632,5.0,0.028258148580789566,0.0013992923777550459,0.0,0.0,0.02965744026005268
1633,5.0,0.0519232414662838,0.004608051851391792,0.0,0.0,0.05653129518032074
1634,5.0,0.029629990458488464,0.0015703525859862566,0.0,0.0,0.031200343742966652
1635,5.0,0.040233153849840164,0.0031700278632342815,0.0,0.0,0.04340318217873573
1636,5.0,0.046651534736156464,0.0038407291285693645,0.0,0.0,0.050492264330387115
1637,5.0,0.029924968257546425,0.0016807214124128222,0.0,0.0,0.031605690717697144
1638,5.0,0.04463564604520798,0.004002707544714212,0.0,0.0,0.04863835498690605
1639,5.0,0.060300394892692566,0.006210403051227331,0.0,0.0,0.06651079654693604
1640,5.0,0.032355763018131256,0.0015760882524773479,0.0,0.0,0.033931851387023926
1641,5.0,0.034977272152900696,0.0021419585682451725,0.0,0.0,0.03711923211812973
1642,5.0,0.0349438413977623,0.0020527183078229427,0.0,0.0,0.03699655830860138
1643,5.0,0.04105118662118912,0.0030880854465067387,0.0,0.0,0.04413927346467972
1644,5.0,0.03427831456065178,0.00205440865829587,0.0,0.0,0.03633272275328636
1645,5.0,0.03500299155712128,0.0021429837215691805,0.0,0.0,0.03714597597718239
1646,5.0,0.044623225927352905,0.003750384319573641,0.0,0.0,0.04837360978126526
1647,5.0,0.04134424775838852,0.0029482338577508926,0.0,0.0,0.04429247975349426
1648,5.0,0.04039672762155533,0.0028814133256673813,0.0,0.0,0.04327814280986786
1649,5.0,0.03699308633804321,0.0022355355322360992,0.0,0.0,0.03922862187027931
1650,5.0,0.03440520539879799,0.001829461194574833,0.0,0.0,0.03623466566205025
1651,5.0,0.047398537397384644,0.003822880331426859,0.0,0.0,0.051221419125795364
1652,5.0,0.03692951053380966,0.0026821226347237825,0.0,0.0,0.039611633867025375
1653,5.0,0.033488087356090546,0.001947537763044238,0.0,0.0,0.03543562442064285
1654,5.0,0.056768015027046204,0.005561447702348232,0.0,0.0,0.06232946366071701
1655,5.0,0.03555800020694733,0.0023864363320171833,0.0,0.0,0.03794443607330322
1656,5.0,0.030863583087921143,0.0016753580421209335,0.0,0.0,0.032538942992687225
1657,5.0,0.033360760658979416,0.001776370918378234,0.0,0.0,0.03513713181018829
1658,5.0,0.03663789480924606,0.0026761405169963837,0.0,0.0,0.03931403532624245
1659,5.0,0.03761935979127884,0.002725706435739994,0.0,0.0,0.04034506529569626
1660,5.0,0.032514944672584534,0.0020838179625570774,0.0,0.0,0.03459876403212547
1661,5.0,0.04607135057449341,0.004136812873184681,0.0,0.0,0.050208162516355515
1662,5.0,0.06005237251520157,0.006064480170607567,0.0,0.0,0.06611685454845428
1663,5.0,0.038051508367061615,0.0028281882405281067,0.0,0.0,0.04087969660758972
1664,5.0,0.033950623124837875,0.002046255860477686,0.0,0.0,0.03599688038229942
1665,5.0,0.03613438457250595,0.0022124224342405796,0.0,0.0,0.03834680840373039
1666,5.0,0.037941619753837585,0.002899809740483761,0.0,0.0,0.04084143042564392
1667,5.0,0.03345576301217079,0.0018545627826824784,0.0,0.0,0.035310324281454086
1668,5.0,0.03488830476999283,0.0022587282583117485,0.0,0.0,0.03714703395962715
1669,5.0,0.04656752198934555,0.004260292276740074,0.0,0.0,0.050827816128730774
1670,5.0,0.05097910761833191,0.004344077780842781,0.0,0.0,0.05532318353652954
1671,5.0,0.04018836468458176,0.002499089576303959,0.0,0.0,0.04268745332956314
1672,5.0,0.03961527720093727,0.003088421653956175,0.0,0.0,0.04270369932055473
1673,5.0,0.037573862820863724,0.002612869255244732,0.0,0.0,0.04018673300743103
1674,5.0,0.03905795142054558,0.0026523065753281116,0.0,0.0,0.0417102575302124
1675,5.0,0.036916300654411316,0.002187231555581093,0.0,0.0,0.03910353034734726
1676,5.0,0.03629380837082863,0.002316469792276621,0.0,0.0,0.03861027956008911
1677,5.0,0.045242130756378174,0.0036874953657388687,0.0,0.0,0.04892962425947189
1678,5.0,0.03546664118766785,0.0018931542290374637,0.0,0.0,0.03735979646444321
1679,5.0,0.047291964292526245,0.003838242031633854,0.0,0.0,0.051130205392837524
1680,5.0,0.046948350965976715,0.0038376045413315296,0.0,0.0,0.05078595504164696
1681,5.0,0.042092278599739075,0.00259949523024261,0.0,0.0,0.0446917749941349
1682,5.0,0.038390111178159714,0.002861584536731243,0.0,0.0,0.04125169664621353
1683,5.0,0.036588285118341446,0.002122696489095688,0.0,0.0,0.038710981607437134
1684,5.0,0.03753993660211563,0.0023575634695589542,0.0,0.0,0.03989750146865845
1685,5.0,0.04545222967863083,0.003698391141369939,0.0,0.0,0.04915061965584755
1686,5.0,0.03305381163954735,0.001736280508339405,0.0,0.0,0.03479009121656418
1687,5.0,0.03414318338036537,0.0021271007135510445,0.0,0.0,0.03627028316259384
1688,5.0,0.03154398500919342,0.0016583247343078256,0.0,0.0,0.03320230916142464
1689,5.0,0.04675710201263428,0.003979813307523727,0.0,0.0,0.050736915320158005
1690,5.0,0.052226584404706955,0.004564776085317135,0.0,0.0,0.056791361421346664
1691,5.0,0.05621533468365669,0.00528301578015089,0.0,0.0,0.06149835139513016
1692,5.0,0.036825455725193024,0.0022687241435050964,0.0,0.0,0.03909417986869812
1693,5.0,0.0320422425866127,0.0016070159617811441,0.0,0.0,0.0336492583155632
1694,5.0,0.03577962517738342,0.0023939122911542654,0.0,0.0,0.03817353770136833
1695,5.0,0.041975200176239014,0.0030554234981536865,0.0,0.0,0.0450306236743927
1696,5.0,0.03939022496342659,0.0024714760947972536,0.0,0.0,0.041861701756715775
1697,5.0,0.05113329738378525,0.004495603963732719,0.0,0.0,0.055628903210163116
1698,5.0,0.04621244594454765,0.004101430997252464,0.0,0.0,0.05031387507915497
1699,5.0,0.04152867943048477,0.003524771658703685,0.0,0.0,0.045053452253341675
1700,5.0,0.03936140984296799,0.0024077733978629112,0.0,0.0,0.04176918417215347
1701,5.0,0.04033039137721062,0.0026495372876524925,0.0,0.0,0.042979929596185684
1702,5.0,0.04377733916044235,0.002723144832998514,0.0,0.0,0.04650048539042473
1703,5.0,0.041201163083314896,0.002763527911156416,0.0,0.0,0.0439646914601326
1704,5.0,0.039973095059394836,0.0023857178166508675,0.0,0.0,0.04235881194472313
1705,5.0,0.037853822112083435,0.00241324701346457,0.0,0.0,0.04026706889271736
1706,5.0,0.031657811254262924,0.0016499740304425359,0.0,0.0,0.03330778703093529
1707,5.0,0.03761725127696991,0.0022296211682260036,0.0,0.0,0.03984687104821205
1708,5.0,0.04623473435640335,0.0037264067213982344,0.0,0.0,0.0499611422419548
1709,5.0,0.03110489435493946,0.0017559316474944353,0.0,0.0,0.03286082670092583
1710,5.0,0.03591658174991608,0.0025552669540047646,0.0,0.0,0.03847184777259827
1711,5.0,0.06458175927400589,0.006351633463054895,0.0,0.0,0.07093339413404465
1712,5.0,0.030319547280669212,0.0015295504126697779,0.0,0.0,0.03184909746050835
1713,5.0,0.03884468227624893,0.003076692344620824,0.0,0.0,0.04192137345671654
1714,5.0,0.03213692456483841,0.0018704505637288094,0.0,0.0,0.034007374197244644
1715,5.0,0.040294986218214035,0.0032242245506495237,0.0,0.0,0.04351921007037163
1716,5.0,0.05372363328933716,0.005129039287567139,0.0,0.0,0.0588526725769043
1717,5.0,0.030911806970834732,0.0015583981294184923,0.0,0.0,0.032470203936100006
1718,5.0,0.033846281468868256,0.002043063286691904,0.0,0.0,0.03588934615254402
1719,5.0,0.0325637087225914,0.00187828263733536,0.0,0.0,0.0344419926404953
1720,5.0,0.03220450133085251,0.002006042981520295,0.0,0.0,0.03421054407954216
1721,5.0,0.03846719115972519,0.0028692525811493397,0.0,0.0,0.04133644327521324
1722,5.0,0.03268112614750862,0.001835652394220233,0.0,0.0,0.03451677784323692
1723,5.0,0.03703855350613594,0.002107605803757906,0.0,0.0,0.03914615884423256
1724,5.0,0.0386136919260025,0.0028986555989831686,0.0,0.0,0.041512347757816315
1725,5.0,0.0385701060295105,0.002839324064552784,0.0,0.0,0.04140942916274071
1726,5.0,0.03379201516509056,0.0022054039873182774,0.0,0.0,0.0359974205493927
1727,5.0,0.03297722339630127,0.00197770562954247,0.0,0.0,0.03495492786169052
1728,5.0,0.03336847200989723,0.0019934391602873802,0.0,0.0,0.03536191210150719
1729,5.0,0.03512809798121452,0.002470992039889097,0.0,0.0,0.03759909048676491
1730,5.0,0.03849031776189804,0.002925516339018941,0.0,0.0,0.04141583293676376
1731,5.0,0.03598111867904663,0.002589937997981906,0.0,0.0,0.038571055978536606
1732,5.0,0.030039027333259583,0.001722192158922553,0.0,0.0,0.03176121786236763
1733,5.0,0.02847481518983841,0.001506247790530324,0.0,0.0,0.029981063678860664
1734,5.0,0.04317622631788254,0.0033864816650748253,0.0,0.0,0.04656270891427994
1735,5.0,0.041558198630809784,0.0034197261556982994,0.0,0.0,0.04497792571783066
1736,5.0,0.035655245184898376,0.0022310945205390453,0.0,0.0,0.03788634017109871
1737,5.0,0.048117753118276596,0.004098198376595974,0.0,0.0,0.052215952426195145
1738,5.0,0.04858741909265518,0.003855489892885089,0.0,0.0,0.05244290828704834
1739,5.0,0.05369722098112106,0.004977623000741005,0.0,0.0,0.05867484211921692
1740,5.0,0.032917000353336334,0.001916523091495037,0.0,0.0,0.034833524376153946
1741,5.0,0.04009777307510376,0.0026922416873276234,0.0,0.0,0.042790014296770096
1742,5.0,0.04133759066462517,0.0028635472990572453,0.0,0.0,0.044201139360666275
1743,5.0,0.038734517991542816,0.00260155089199543,0.0,0.0,0.0413360670208931
1744,5.0,0.04073711484670639,0.002646001521497965,0.0,0.0,0.04338311776518822
1745,5.0,0.04419054463505745,0.0035575679503381252,0.0,0.0,0.04774811118841171
1746,5.0,0.04037610441446304,0.002547778422012925,0.0,0.0,0.042923882603645325
1747,5.0,0.04771383851766586,0.0034849578514695168,0.0,0.0,0.051198795437812805
1748,5.0,0.03858288377523422,0.0024003037251532078,0.0,0.0,0.04098318889737129
1749,5.0,0.036510683596134186,0.002196831163018942,0.0,0.0,0.038707513362169266
1750,5.0,0.03298364579677582,0.0017405885737389326,0.0,0.0,0.03472423553466797
1751,5.0,0.03457246720790863,0.0020906305871903896,0.0,0.0,0.03666309639811516
1752,5.0,0.03256584703922272,0.0017265155911445618,0.0,0.0,0.03429236263036728
1753,5.0,0.0325264148414135,0.0019194572232663631,0.0,0.0,0.034445870667696
1754,5.0,0.03438032045960426,0.0022735577076673508,0.0,0.0,0.036653876304626465
1755,5.0,0.06840335577726364,0.0072747208178043365,0.0,0.0,0.07567808032035828
1756,5.0,0.0777219831943512,0.008853272534906864,0.0,0.0,0.08657525479793549
1757,5.0,0.053415216505527496,0.004430575296282768,0.0,0.0,0.057845793664455414
1758,5.0,0.038891877979040146,0.0030654831789433956,0.0,0.0,0.04195735976099968
1759,5.0,0.035874828696250916,0.002562351059168577,0.0,0.0,0.03843718022108078
1760,5.0,0.03027964197099209,0.001671224134042859,0.0,0.0,0.03195086494088173
1761,5.0,0.04503880441188812,0.0034742995630949736,0.0,0.0,0.048513103276491165
1762,5.0,0.06422702968120575,0.006918255239725113,0.0,0.0,0.07114528119564056
1763,5.0,0.04220941662788391,0.00313040753826499,0.0,0.0,0.04533982276916504
1764,5.0,0.040909621864557266,0.0027905255556106567,0.0,0.0,0.04370014742016792
1765,5.0,0.043345868587493896,0.0028784330934286118,0.0,0.0,0.04622430354356766
1766,5.0,0.040255509316921234,0.002919890219345689,0.0,0.0,0.04317539930343628
1767,5.0,0.04153672605752945,0.003034671302884817,0.0,0.0,0.044571395963430405
1768,5.0,0.04422643780708313,0.00301869073882699,0.0,0.0,0.04724512994289398
1769,5.0,0.041853416711091995,0.002517929533496499,0.0,0.0,0.044371347874403
1770,5.0,0.03933718800544739,0.0023467715363949537,0.0,0.0,0.04168396070599556
1771,5.0,0.03869760036468506,0.0026001371443271637,0.0,0.0,0.04129773750901222
1772,5.0,0.03642963245511055,0.002137892646715045,0.0,0.0,0.038567524403333664
1773,5.0,0.04167351871728897,0.002703180070966482,0.0,0.0,0.04437669739127159
1774,5.0,0.03405323997139931,0.0022067222744226456,0.0,0.0,0.0362599641084671
1775,5.0,0.05900133401155472,0.005865844897925854,0.0,0.0,0.06486717611551285
1776,5.0,0.028418660163879395,0.0014780130004510283,0.0,0.0,0.029896672815084457
1777,5.0,0.03023264929652214,0.0017124145524576306,0.0,0.0,0.031945064663887024
1778,5.0,0.027708593755960464,0.0013618707889690995,0.0,0.0,0.02907046489417553
1779,5.0,0.06480565667152405,0.006162624340504408,0.0,0.0,0.07096827775239944
1780,5.0,0.032346613705158234,0.00201030052267015,0.0,0.0,0.03435691446065903
1781,5.0,0.03947780281305313,0.0031359174754470587,0.0,0.0,0.042613718658685684
1782,5.0,0.05562720447778702,0.005229942500591278,0.0,0.0,0.060857146978378296
1783,5.0,0.0787363052368164,0.009475077502429485,0.0,0.0,0.08821137994527817
1784,5.0,0.041743043810129166,0.0032958481460809708,0.0,0.0,0.045038893818855286
1785,5.0,0.04488831013441086,0.0035663729067891836,0.0,0.0,0.048454683274030685
1786,5.0,0.04275675117969513,0.002589153591543436,0.0,0.0,0.04534590616822243
1787,5.0,0.047118108719587326,0.003295054193586111,0.0,0.0,0.050413161516189575
1788,5.0,0.044997572898864746,0.002927829511463642,0.0,0.0,0.047925401479005814
1789,5.0,0.054463643580675125,0.004351052455604076,0.0,0.0,0.058814696967601776
1790,5.0,0.05649276450276375,0.004267504438757896,0.0,0.0,0.060760267078876495
1791,5.0,0.047512706369161606,0.00356570677831769,0.0,0.0,0.05107841268181801
1792,5.0,0.04722334444522858,0.0034101277124136686,0.0,0.0,0.050633471459150314
1793,5.0,0.04127567261457443,0.0028689326718449593,0.0,0.0,0.04414460435509682
1794,6.0,0.04560931771993637,0.0032761269249022007,0.0,0.0,0.048885446041822433
1795,6.0,0.041406624019145966,0.0024657058529555798,0.0,0.0,0.04387233033776283
1796,6.0,0.03516646474599838,0.0020981477573513985,0.0,0.0,0.037264611572027206
1797,6.0,0.03833286091685295,0.0029447050765156746,0.0,0.0,0.04127756506204605
1798,6.0,0.04284396022558212,0.0033989257644861937,0.0,0.0,0.046242885291576385
1799,6.0,0.03993642330169678,0.003135153092443943,0.0,0.0,0.043071575462818146
1800,6.0,0.05659721791744232,0.005754856392741203,0.0,0.0,0.062352076172828674
1801,6.0,0.034213632345199585,0.0021920865401625633,0.0,0.0,0.03640571981668472
1802,6.0,0.043227385729551315,0.0032440046779811382,0.0,0.0,0.04647139087319374
1803,6.0,0.027283094823360443,0.001277254894375801,0.0,0.0,0.028560349717736244
1804,6.0,0.03750017285346985,0.002891381736844778,0.0,0.0,0.040391553193330765
1805,6.0,0.04002898931503296,0.0034026626963168383,0.0,0.0,0.04343165084719658
1806,6.0,0.046000733971595764,0.003550519235432148,0.0,0.0,0.04955125227570534
1807,6.0,0.03329995274543762,0.00197822623886168,0.0,0.0,0.03527817875146866
1808,6.0,0.037501025944948196,0.002820931375026703,0.0,0.0,0.0403219573199749
1809,6.0,0.0331953689455986,0.0019832663238048553,0.0,0.0,0.03517863526940346
1810,6.0,0.03307156264781952,0.0021041694562882185,0.0,0.0,0.035175733268260956
1811,6.0,0.03512314707040787,0.002071918221190572,0.0,0.0,0.03719506412744522
1812,6.0,0.03748895227909088,0.0026837619952857494,0.0,0.0,0.04017271474003792
1813,6.0,0.03609846532344818,0.0020590536296367645,0.0,0.0,0.038157518953084946
1814,6.0,0.03884662315249443,0.00288895471021533,0.0,0.0,0.04173557832837105
1815,6.0,0.03379148989915848,0.002145445439964533,0.0,0.0,0.03593693673610687
1816,6.0,0.03742220252752304,0.0027969512157142162,0.0,0.0,0.040219154208898544
1817,6.0,0.03284431993961334,0.002066449960693717,0.0,0.0,0.034910768270492554
1818,6.0,0.051211774349212646,0.004792463965713978,0.0,0.0,0.05600423738360405
1819,6.0,0.045799124985933304,0.0039352597668766975,0.0,0.0,0.04973438382148743
1820,6.0,0.058485791087150574,0.0056569273583590984,0.0,0.0,0.06414271891117096
1821,6.0,0.03848305344581604,0.002680486999452114,0.0,0.0,0.04116354137659073
1822,6.0,0.03600157052278519,0.0021795632783323526,0.0,0.0,0.038181133568286896
1823,6.0,0.046460043638944626,0.004008131567388773,0.0,0.0,0.05046817660331726
1824,6.0,0.04442008584737778,0.0032148663885891438,0.0,0.0,0.047634951770305634
1825,6.0,0.04315217211842537,0.002689601853489876,0.0,0.0,0.045841775834560394
1826,6.0,0.04595831036567688,0.0030264421366155148,0.0,0.0,0.04898475110530853
1827,6.0,0.04617973044514656,0.0031061323825269938,0.0,0.0,0.04928586259484291
1828,6.0,0.04199613630771637,0.0025602998211979866,0.0,0.0,0.04455643519759178
1829,6.0,0.04155523329973221,0.00249569583684206,0.0,0.0,0.044050928205251694
1830,6.0,0.04019526392221451,0.002896140795201063,0.0,0.0,0.04309140518307686
1831,6.0,0.03790362551808357,0.0025815023109316826,0.0,0.0,0.04048512876033783
1832,6.0,0.05003611370921135,0.00420710165053606,0.0,0.0,0.054243214428424835
1833,6.0,0.03574860095977783,0.0025987853296101093,0.0,0.0,0.038347385823726654
1834,6.0,0.03364948928356171,0.0021499893628060818,0.0,0.0,0.035799477249383926
1835,6.0,0.03940911591053009,0.0029188143089413643,0.0,0.0,0.04232792928814888
1836,6.0,0.03551755100488663,0.0024094353429973125,0.0,0.0,0.03792698681354523
1837,6.0,0.034486789256334305,0.0019070981070399284,0.0,0.0,0.03639388829469681
1838,6.0,0.03455361723899841,0.0020842435769736767,0.0,0.0,0.03663786128163338
1839,6.0,0.030779514461755753,0.001554000424221158,0.0,0.0,0.03233351558446884
1840,6.0,0.03068535402417183,0.0017104552825912833,0.0,0.0,0.03239580988883972
1841,6.0,0.032266661524772644,0.0020594466477632523,0.0,0.0,0.03432610630989075
1842,6.0,0.0346577987074852,0.0019423651974648237,0.0,0.0,0.03660016506910324
1843,6.0,0.030400652438402176,0.001774405362084508,0.0,0.0,0.032175056636333466
1844,6.0,0.06164352968335152,0.005680145230144262,0.0,0.0,0.06732367724180222
1845,6.0,0.03158073127269745,0.001877566217444837,0.0,0.0,0.033458296209573746
1846,6.0,0.03641800582408905,0.002653562929481268,0.0,0.0,0.039071567356586456
1847,6.0,0.03151860460639,0.0016970450524240732,0.0,0.0,0.03321564942598343
1848,6.0,0.029562264680862427,0.0016410029493272305,0.0,0.0,0.031203268095850945
1849,6.0,0.02761848457157612,0.0014614155516028404,0.0,0.0,0.029079899191856384
1850,6.0,0.029823068529367447,0.001700144843198359,0.0,0.0,0.0315232127904892
1851,6.0,0.042606353759765625,0.002990017645061016,0.0,0.0,0.045596372336149216
1852,6.0,0.06867627799510956,0.007065244950354099,0.0,0.0,0.07574152201414108
1853,6.0,0.03446871042251587,0.0021052865777164698,0.0,0.0,0.036573998630046844
1854,6.0,0.0417456291615963,0.003263575956225395,0.0,0.0,0.045009203255176544
1855,6.0,0.048812925815582275,0.004561380483210087,0.0,0.0,0.05337430536746979
1856,6.0,0.03943289443850517,0.0026052757166326046,0.0,0.0,0.042038168758153915
1857,6.0,0.03856967017054558,0.0028333947993814945,0.0,0.0,0.041403066366910934
1858,6.0,0.041753195226192474,0.0028995804022997618,0.0,0.0,0.044652774930000305
1859,6.0,0.04326409101486206,0.0026993528008461,0.0,0.0,0.04596344381570816
1860,6.0,0.03982225060462952,0.002452104352414608,0.0,0.0,0.0422743558883667
1861,6.0,0.03922282159328461,0.0026590831112116575,0.0,0.0,0.041881904006004333
1862,6.0,0.035148926079273224,0.002193361520767212,0.0,0.0,0.037342287600040436
1863,6.0,0.040807101875543594,0.002633431926369667,0.0,0.0,0.04344053566455841
1864,6.0,0.038877248764038086,0.0022499780170619488,0.0,0.0,0.04112722724676132
1865,6.0,0.040517717599868774,0.0023274989798665047,0.0,0.0,0.042845215648412704
1866,6.0,0.04252217710018158,0.003086669836193323,0.0,0.0,0.045608848333358765
1867,6.0,0.032578613609075546,0.0017227258067578077,0.0,0.0,0.03430134057998657
1868,6.0,0.036560047417879105,0.0021572979167103767,0.0,0.0,0.03871734440326691
1869,6.0,0.03277728334069252,0.0019034588476642966,0.0,0.0,0.034680742770433426
1870,6.0,0.06347966194152832,0.006205784156918526,0.0,0.0,0.0696854442358017
1871,6.0,0.029617084190249443,0.0016923442017287016,0.0,0.0,0.03130942955613136
1872,6.0,0.06308168917894363,0.006306546274572611,0.0,0.0,0.06938823312520981
1873,6.0,0.07471330463886261,0.008041087538003922,0.0,0.0,0.08275438845157623
1874,6.0,0.037427060306072235,0.0028620967641472816,0.0,0.0,0.04028915613889694
1875,6.0,0.030183933675289154,0.0015514222905039787,0.0,0.0,0.03173535689711571
1876,6.0,0.03840355947613716,0.00288696913048625,0.0,0.0,0.0412905290722847
1877,6.0,0.03296058624982834,0.0018711062148213387,0.0,0.0,0.0348316915333271
1878,6.0,0.03626125305891037,0.002163767348974943,0.0,0.0,0.0384250208735466
1879,6.0,0.03851646929979324,0.0027339186053723097,0.0,0.0,0.04125038906931877
1880,6.0,0.03285858780145645,0.001954725943505764,0.0,0.0,0.03481331467628479
1881,6.0,0.03241412714123726,0.0016767771448940039,0.0,0.0,0.03409090265631676
1882,6.0,0.0366361029446125,0.0026110075414180756,0.0,0.0,0.03924711048603058
1883,6.0,0.034843627363443375,0.002260502427816391,0.0,0.0,0.037104129791259766
1884,6.0,0.031297821551561356,0.0017403998645022511,0.0,0.0,0.033038221299648285
1885,6.0,0.03039546310901642,0.0015578402671962976,0.0,0.0,0.03195330500602722
1886,6.0,0.03668319806456566,0.002643199171870947,0.0,0.0,0.039326395839452744
1887,6.0,0.030031852424144745,0.0016474284930154681,0.0,0.0,0.03167928010225296
1888,6.0,0.03259409964084625,0.0019992482848465443,0.0,0.0,0.03459334746003151
1889,6.0,0.03262822702527046,0.002034964971244335,0.0,0.0,0.03466319292783737
1890,6.0,0.0604424886405468,0.006409292574971914,0.0,0.0,0.06685177981853485
1891,6.0,0.03656172752380371,0.0027500451542437077,0.0,0.0,0.03931177407503128
1892,6.0,0.031217997893691063,0.0017501120455563068,0.0,0.0,0.03296811133623123
1893,6.0,0.029567375779151917,0.0015710012521594763,0.0,0.0,0.031138377264142036
1894,6.0,0.03984805941581726,0.0034861580934375525,0.0,0.0,0.04333421587944031
1895,6.0,0.03708235174417496,0.0028229407034814358,0.0,0.0,0.03990529105067253
1896,6.0,0.028138071298599243,0.001365920528769493,0.0,0.0,0.029503991827368736
1897,6.0,0.04913903772830963,0.004066196270287037,0.0,0.0,0.053205233067274094
1898,6.0,0.03409411013126373,0.002102216240018606,0.0,0.0,0.03619632497429848
1899,6.0,0.06592074036598206,0.006817704066634178,0.0,0.0,0.07273844629526138
1900,6.0,0.03348676487803459,0.0018243130762130022,0.0,0.0,0.035311076790094376
1901,6.0,0.03225460648536682,0.001871772576123476,0.0,0.0,0.03412637859582901
1902,6.0,0.03426455706357956,0.0019701370038092136,0.0,0.0,0.036234695464372635
1903,6.0,0.03471457213163376,0.0022336102556437254,0.0,0.0,0.03694818168878555
1904,6.0,0.03594792261719704,0.0025171441957354546,0.0,0.0,0.038465067744255066
1905,6.0,0.03366219624876976,0.0019883958157151937,0.0,0.0,0.0356505922973156
1906,6.0,0.03180694580078125,0.0018290858715772629,0.0,0.0,0.03363603353500366
1907,6.0,0.03470652922987938,0.002168097533285618,0.0,0.0,0.03687462583184242
1908,6.0,0.031465284526348114,0.0018177394522354007,0.0,0.0,0.03328302502632141
1909,6.0,0.040697164833545685,0.003514678683131933,0.0,0.0,0.044211842119693756
1910,6.0,0.037414781749248505,0.0027942259330302477,0.0,0.0,0.040209006518125534
1911,6.0,0.07724586129188538,0.009306852705776691,0.0,0.0,0.08655271679162979
1912,6.0,0.03167988359928131,0.0017481122631579638,0.0,0.0,0.033427994698286057
1913,6.0,0.03337743878364563,0.0019430886022746563,0.0,0.0,0.035320527851581573
1914,6.0,0.034173086285591125,0.0017171214567497373,0.0,0.0,0.035890206694602966
1915,6.0,0.034153930842876434,0.002182543510571122,0.0,0.0,0.03633647412061691
1916,6.0,0.040250543504953384,0.0030179943423718214,0.0,0.0,0.043268539011478424
1917,6.0,0.05077772215008736,0.00432345736771822,0.0,0.0,0.055101178586483
1918,6.0,0.03549344837665558,0.0023432886227965355,0.0,0.0,0.03783673793077469
1919,6.0,0.034235015511512756,0.0021316835191100836,0.0,0.0,0.036366697400808334
1920,6.0,0.05289096757769585,0.004978122189640999,0.0,0.0,0.057869091629981995
1921,6.0,0.03989765793085098,0.002951366128399968,0.0,0.0,0.04284902289509773
1922,6.0,0.06100354343652725,0.006364719942212105,0.0,0.0,0.06736826151609421
1923,6.0,0.04204974323511124,0.0031059528701007366,0.0,0.0,0.04515569657087326
1924,6.0,0.04305052012205124,0.00262696435675025,0.0,0.0,0.04567748308181763
1925,6.0,0.04235821217298508,0.003200720064342022,0.0,0.0,0.04555893316864967
1926,6.0,0.038168903440237045,0.0025904737412929535,0.0,0.0,0.04075937718153
1927,6.0,0.037737660109996796,0.0024761022068560123,0.0,0.0,0.04021376371383667
1928,6.0,0.046753376722335815,0.00355819845572114,0.0,0.0,0.05031157657504082
1929,6.0,0.043203338980674744,0.0029420177452266216,0.0,0.0,0.04614535719156265
1930,6.0,0.04138181358575821,0.0028768954798579216,0.0,0.0,0.044258709996938705
1931,6.0,0.0361144132912159,0.002161880489438772,0.0,0.0,0.03827629238367081
1932,6.0,0.038282349705696106,0.002712926594540477,0.0,0.0,0.0409952774643898
1933,6.0,0.03361273184418678,0.0018687481060624123,0.0,0.0,0.03548147901892662
1934,6.0,0.03574582189321518,0.002067639259621501,0.0,0.0,0.0378134623169899
1935,6.0,0.03781815618276596,0.002753828652203083,0.0,0.0,0.04057198390364647
1936,6.0,0.03530803695321083,0.0022121192887425423,0.0,0.0,0.0375201553106308
1937,6.0,0.05125338211655617,0.0041945516131818295,0.0,0.0,0.055447932332754135
1938,6.0,0.03219221904873848,0.001675003906711936,0.0,0.0,0.03386722132563591
1939,6.0,0.04009878635406494,0.0032212529331445694,0.0,0.0,0.04332003742456436
1940,6.0,0.03025507554411888,0.001585344667546451,0.0,0.0,0.03184042125940323
1941,6.0,0.06732732057571411,0.006803544703871012,0.0,0.0,0.07413086295127869
1942,6.0,0.033268608152866364,0.00203417195007205,0.0,0.0,0.0353027805685997
1943,6.0,0.05493880435824394,0.004868190735578537,0.0,0.0,0.05980699509382248
1944,6.0,0.03306801617145538,0.001977202482521534,0.0,0.0,0.03504521772265434
1945,6.0,0.03386528789997101,0.0019609781447798014,0.0,0.0,0.035826265811920166
1946,6.0,0.03761673346161842,0.002351816976442933,0.0,0.0,0.03996855020523071
1947,6.0,0.04029318690299988,0.0030071428045630455,0.0,0.0,0.0433003306388855
1948,6.0,0.03763365373015404,0.002478980226442218,0.0,0.0,0.040112633258104324
1949,6.0,0.033822618424892426,0.0020587972830981016,0.0,0.0,0.035881415009498596
1950,6.0,0.03350011631846428,0.0017815364990383387,0.0,0.0,0.03528165444731712
1951,6.0,0.0375286340713501,0.0023137808311730623,0.0,0.0,0.03984241560101509
1952,6.0,0.037871744483709335,0.0027536959387362003,0.0,0.0,0.0406254418194294
1953,6.0,0.03603817895054817,0.0023784516379237175,0.0,0.0,0.038416631519794464
1954,6.0,0.03166424110531807,0.0017937042284756899,0.0,0.0,0.03345794603228569
1955,6.0,0.03540404140949249,0.0023423198144882917,0.0,0.0,0.037746362388134
1956,6.0,0.049071669578552246,0.00468615023419261,0.0,0.0,0.05375782027840614
1957,6.0,0.03361622616648674,0.0020338459871709347,0.0,0.0,0.03565007075667381
1958,6.0,0.041757918894290924,0.0030617520678788424,0.0,0.0,0.0448196716606617
1959,6.0,0.03350747749209404,0.002060572849586606,0.0,0.0,0.03556805104017258
1960,6.0,0.0763518363237381,0.009093590080738068,0.0,0.0,0.08544542640447617
1961,6.0,0.03583686798810959,0.0021080700680613518,0.0,0.0,0.037944938987493515
1962,6.0,0.02913025952875614,0.0014420370571315289,0.0,0.0,0.030572297051548958
1963,6.0,0.03315918892621994,0.001981580862775445,0.0,0.0,0.03514077141880989
1964,6.0,0.034592024981975555,0.002185002202168107,0.0,0.0,0.03677702695131302
1965,6.0,0.03254504129290581,0.0019633430056273937,0.0,0.0,0.03450838476419449
1966,6.0,0.03883442282676697,0.0027531799860298634,0.0,0.0,0.041587602347135544
1967,6.0,0.03271302580833435,0.0019828113727271557,0.0,0.0,0.034695837646722794
1968,6.0,0.033084675669670105,0.0019847622606903315,0.0,0.0,0.03506943956017494
1969,6.0,0.03195729851722717,0.001798434415832162,0.0,0.0,0.03375573456287384
1970,6.0,0.05164315178990364,0.004758093506097794,0.0,0.0,0.056401245296001434
1971,6.0,0.034829288721084595,0.002036165911704302,0.0,0.0,0.03686545416712761
1972,6.0,0.03344433009624481,0.001976126106455922,0.0,0.0,0.035420455038547516
1973,6.0,0.037456803023815155,0.0026988994795829058,0.0,0.0,0.04015570133924484
1974,6.0,0.04722801595926285,0.0039190188981592655,0.0,0.0,0.051147036254405975
1975,6.0,0.03398460894823074,0.0018239517230540514,0.0,0.0,0.03580855950713158
1976,6.0,0.0467846505343914,0.004094960168004036,0.0,0.0,0.05087961256504059
1977,6.0,0.03754333034157753,0.002700619865208864,0.0,0.0,0.04024394974112511
1978,6.0,0.03557411953806877,0.0021931808441877365,0.0,0.0,0.03776729851961136
1979,6.0,0.0367819145321846,0.002325556706637144,0.0,0.0,0.03910747170448303
1980,6.0,0.036672428250312805,0.0020826084073632956,0.0,0.0,0.038755036890506744
1981,6.0,0.03773754462599754,0.0021450992207974195,0.0,0.0,0.03988264501094818
1982,6.0,0.040101129561662674,0.00290538277477026,0.0,0.0,0.04300651326775551
1983,6.0,0.03935675323009491,0.0032746868673712015,0.0,0.0,0.04263143986463547
1984,6.0,0.033257752656936646,0.001732875476591289,0.0,0.0,0.03499062731862068
1985,6.0,0.05319228023290634,0.004951351322233677,0.0,0.0,0.058143630623817444
1986,6.0,0.035389162600040436,0.0024526212364435196,0.0,0.0,0.037841781973838806
1987,6.0,0.03832423686981201,0.0027678613550961018,0.0,0.0,0.041092097759246826
1988,6.0,0.035274893045425415,0.002246447838842869,0.0,0.0,0.03752133995294571
1989,6.0,0.035329997539520264,0.0023540430702269077,0.0,0.0,0.03768404200673103
1990,6.0,0.030338458716869354,0.001554237911477685,0.0,0.0,0.031892698258161545
1991,6.0,0.040345631539821625,0.0025659208185970783,0.0,0.0,0.042911551892757416
1992,6.0,0.03454313427209854,0.0021943654865026474,0.0,0.0,0.03673750162124634
1993,6.0,0.02877654880285263,0.0014073045458644629,0.0,0.0,0.030183853581547737
1994,6.0,0.0327720046043396,0.0017165177268907428,0.0,0.0,0.03448852151632309
1995,6.0,0.06406620889902115,0.006553805898874998,0.0,0.0,0.07062001526355743
1996,6.0,0.038154952228069305,0.0029505183920264244,0.0,0.0,0.041105471551418304
1997,6.0,0.06319774687290192,0.006436836905777454,0.0,0.0,0.0696345865726471
1998,6.0,0.03562476485967636,0.00206549558788538,0.0,0.0,0.037690259516239166
1999,6.0,0.03655552119016647,0.0026066803839057684,0.0,0.0,0.039162199944257736
2000,6.0,0.036808595061302185,0.002631436102092266,0.0,0.0,0.039440032094717026
2001,6.0,0.05427221953868866,0.005053750239312649,0.0,0.0,0.05932597070932388
2002,6.0,0.03475257754325867,0.0020167562179267406,0.0,0.0,0.036769334226846695
2003,6.0,0.03614064306020737,0.0024526326451450586,0.0,0.0,0.03859327733516693
2004,6.0,0.0354052409529686,0.0020682751201093197,0.0,0.0,0.037473514676094055
2005,6.0,0.039008013904094696,0.0022698682732880116,0.0,0.0,0.04127788171172142
2006,6.0,0.03902437537908554,0.00283352704718709,0.0,0.0,0.04185790196061134
2007,6.0,0.03728249669075012,0.002722865203395486,0.0,0.0,0.040005363523960114
2008,6.0,0.039778947830200195,0.0028213760815560818,0.0,0.0,0.042600322514772415
2009,6.0,0.03985629230737686,0.0031402199529111385,0.0,0.0,0.04299651086330414
2010,6.0,0.03523433580994606,0.0021085080225020647,0.0,0.0,0.03734284266829491
2011,6.0,0.03683144226670265,0.0021390768233686686,0.0,0.0,0.03897051885724068
2012,6.0,0.03367624059319496,0.0018399390392005444,0.0,0.0,0.03551618009805679
2013,6.0,0.03761594370007515,0.0026050079613924026,0.0,0.0,0.0402209535241127
2014,6.0,0.034920044243335724,0.0022899743635207415,0.0,0.0,0.03721001744270325
2015,6.0,0.03720651566982269,0.0027082415763288736,0.0,0.0,0.03991475701332092
2016,6.0,0.04131411388516426,0.0032230496872216463,0.0,0.0,0.04453716427087784
2017,6.0,0.03863342106342316,0.003037734655663371,0.0,0.0,0.041671156883239746
2018,6.0,0.035281892865896225,0.0025386272463947535,0.0,0.0,0.037820521742105484
2019,6.0,0.029667198657989502,0.001656859996728599,0.0,0.0,0.03132405877113342
2020,6.0,0.04978709667921066,0.00438298936933279,0.0,0.0,0.05417008697986603
2021,6.0,0.04040341451764107,0.0034863718319684267,0.0,0.0,0.043889787048101425
2022,6.0,0.03083937242627144,0.001820264384150505,0.0,0.0,0.032659634947776794
2023,6.0,0.034204646944999695,0.0021809907630085945,0.0,0.0,0.036385636776685715
2024,6.0,0.029969576746225357,0.0014933582860976458,0.0,0.0,0.031462933868169785
2025,6.0,0.03190688416361809,0.0018807380693033338,0.0,0.0,0.033787623047828674
2026,6.0,0.03311173617839813,0.002056166995316744,0.0,0.0,0.03516790270805359
2027,6.0,0.034046463668346405,0.0021351901814341545,0.0,0.0,0.036181654781103134
2028,6.0,0.039344027638435364,0.003377304645255208,0.0,0.0,0.042721331119537354
2029,6.0,0.03782219812273979,0.0029528862796723843,0.0,0.0,0.040775083005428314
2030,6.0,0.05374938249588013,0.005139107350260019,0.0,0.0,0.05888849124312401
2031,6.0,0.031001344323158264,0.001607922138646245,0.0,0.0,0.03260926529765129
2032,6.0,0.02979998290538788,0.0016269645420834422,0.0,0.0,0.03142694756388664
2033,6.0,0.045878440141677856,0.0038186111487448215,0.0,0.0,0.04969705268740654
2034,6.0,0.03219831734895706,0.0019289340125396848,0.0,0.0,0.03412725031375885
2035,6.0,0.039327166974544525,0.0027611800469458103,0.0,0.0,0.0420883484184742
2036,6.0,0.035596124827861786,0.00241492735221982,0.0,0.0,0.03801105171442032
2037,6.0,0.039893247187137604,0.0029817563481628895,0.0,0.0,0.042875003069639206
2038,6.0,0.03524984419345856,0.0021310048177838326,0.0,0.0,0.037380848079919815
2039,6.0,0.03639765456318855,0.0018982419278472662,0.0,0.0,0.038295894861221313
2040,6.0,0.03412213176488876,0.0018274134490638971,0.0,0.0,0.035949546843767166
2041,6.0,0.03733786195516586,0.0026128236204385757,0.0,0.0,0.03995068371295929
2042,6.0,0.03909978270530701,0.0027651977725327015,0.0,0.0,0.04186498001217842
2043,6.0,0.03620753064751625,0.0024504526518285275,0.0,0.0,0.038657981902360916
2044,6.0,0.03299221396446228,0.0018733589677140117,0.0,0.0,0.034865573048591614
2045,6.0,0.035160936415195465,0.0021029734052717686,0.0,0.0,0.037263911217451096
2046,6.0,0.03649274259805679,0.0020630729850381613,0.0,0.0,0.0385558158159256
2047,6.0,0.0580231249332428,0.0057270340621471405,0.0,0.0,0.06375016272068024
2048,6.0,0.034668076783418655,0.002253664191812277,0.0,0.0,0.03692173957824707
2049,6.0,0.04973122477531433,0.004212934989482164,0.0,0.0,0.05394415929913521
2050,6.0,0.03581340238451958,0.002141285687685013,0.0,0.0,0.03795468807220459
2051,6.0,0.037444643676280975,0.0025658272206783295,0.0,0.0,0.040010470896959305
2052,6.0,0.03668677434325218,0.002628094982355833,0.0,0.0,0.0393148697912693
2053,6.0,0.0354672372341156,0.001970800571143627,0.0,0.0,0.0374380387365818
2054,6.0,0.03272809088230133,0.0016612387262284756,0.0,0.0,0.034389328211545944
2055,6.0,0.031140634790062904,0.0015714160399511456,0.0,0.0,0.032712049782276154
2056,6.0,0.0323360413312912,0.0018464787863194942,0.0,0.0,0.03418251872062683
2057,6.0,0.057919975370168686,0.005298112519085407,0.0,0.0,0.06321808695793152
2058,6.0,0.030632395297288895,0.0016431412659585476,0.0,0.0,0.03227553516626358
2059,6.0,0.03295533359050751,0.0020292189437896013,0.0,0.0,0.03498455137014389
2060,6.0,0.05414818227291107,0.005107965786010027,0.0,0.0,0.05925614759325981
2061,6.0,0.047436583787202835,0.004463948309421539,0.0,0.0,0.051900532096624374
2062,6.0,0.0364045649766922,0.002546891802921891,0.0,0.0,0.03895145654678345
2063,6.0,0.035329900681972504,0.002281081397086382,0.0,0.0,0.0376109816133976
2064,6.0,0.037184517830610275,0.0023322999477386475,0.0,0.0,0.03951681777834892
2065,6.0,0.03398807346820831,0.002022863132879138,0.0,0.0,0.03601093590259552
2066,6.0,0.0474754199385643,0.004409520886838436,0.0,0.0,0.05188494175672531
2067,6.0,0.035487525165081024,0.0022941557690501213,0.0,0.0,0.03778168186545372
2068,6.0,0.036962807178497314,0.002582419663667679,0.0,0.0,0.03954522684216499
2069,6.0,0.0351741723716259,0.0021724540274590254,0.0,0.0,0.037346627563238144
2070,6.0,0.03814700245857239,0.0027082941960543394,0.0,0.0,0.040855295956134796
2071,6.0,0.03592577576637268,0.00212112907320261,0.0,0.0,0.038046903908252716
2072,6.0,0.03942013531923294,0.0027556496206671,0.0,0.0,0.0421757847070694
2073,6.0,0.03639957308769226,0.002171712461858988,0.0,0.0,0.03857128694653511
2074,6.0,0.031877316534519196,0.0017795392777770758,0.0,0.0,0.033656854182481766
2075,6.0,0.03746066614985466,0.0028801143635064363,0.0,0.0,0.04034078121185303
2076,6.0,0.038095518946647644,0.002830556593835354,0.0,0.0,0.04092607647180557
2077,6.0,0.03289179503917694,0.001944567309692502,0.0,0.0,0.034836363047361374
2078,6.0,0.03199295327067375,0.001820585923269391,0.0,0.0,0.033813539892435074
2079,6.0,0.03015754744410515,0.0016692392528057098,0.0,0.0,0.03182678669691086
2080,6.0,0.031216347590088844,0.0019448152743279934,0.0,0.0,0.033161163330078125
2081,6.0,0.05019081383943558,0.004673297517001629,0.0,0.0,0.05486411228775978
2082,6.0,0.06995511054992676,0.007384834345430136,0.0,0.0,0.07733994722366333
2083,6.0,0.036548323929309845,0.002378086093813181,0.0,0.0,0.03892641142010689
2084,6.0,0.03389367088675499,0.0020537811797112226,0.0,0.0,0.03594745323061943
2085,6.0,0.03319230303168297,0.0021370300091803074,0.0,0.0,0.03532933443784714
2086,6.0,0.042368896305561066,0.0031776749528944492,0.0,0.0,0.04554657265543938
2087,6.0,0.037511784583330154,0.002822265960276127,0.0,0.0,0.04033404961228371
2088,6.0,0.03584122657775879,0.0020054602064192295,0.0,0.0,0.03784668818116188
2089,6.0,0.03927052021026611,0.002787727862596512,0.0,0.0,0.042058248072862625
2090,6.0,0.036883458495140076,0.002221705624833703,0.0,0.0,0.039105165749788284
2091,6.0,0.05500345304608345,0.005191630683839321,0.0,0.0,0.060195084661245346
2092,6.0,0.041311655193567276,0.0029626977629959583,0.0,0.0,0.04427435249090195
2093,7.0,0.03908883035182953,0.002320066560059786,0.0,0.0,0.04140889644622803
2094,7.0,0.037308819591999054,0.002277062274515629,0.0,0.0,0.03958588093519211
2095,7.0,0.049627646803855896,0.004200385883450508,0.0,0.0,0.053828030824661255
2096,7.0,0.03706006705760956,0.0027461592108011246,0.0,0.0,0.03980622440576553
2097,7.0,0.034995656460523605,0.002155898604542017,0.0,0.0,0.037151556462049484
2098,7.0,0.035301707684993744,0.0020664543844759464,0.0,0.0,0.03736816346645355
2099,7.0,0.03504977747797966,0.002105498220771551,0.0,0.0,0.03715527430176735
2100,7.0,0.03437085077166557,0.0019195055356249213,0.0,0.0,0.036290355026721954
2101,7.0,0.033686790615320206,0.00180882029235363,0.0,0.0,0.035495609045028687
2102,7.0,0.03550172597169876,0.002341118175536394,0.0,0.0,0.03784284368157387
2103,7.0,0.033361706882715225,0.0021753087639808655,0.0,0.0,0.03553701564669609
2104,7.0,0.03195430710911751,0.0018911415245383978,0.0,0.0,0.0338454470038414
2105,7.0,0.030389348044991493,0.0017799136694520712,0.0,0.0,0.03216926008462906
2106,7.0,0.030255258083343506,0.0019035267177969217,0.0,0.0,0.032158784568309784
2107,7.0,0.039471350610256195,0.0029137004166841507,0.0,0.0,0.0423850491642952
2108,7.0,0.028298739343881607,0.001409356715157628,0.0,0.0,0.029708096757531166
2109,7.0,0.05213005840778351,0.004393627867102623,0.0,0.0,0.05652368813753128
2110,7.0,0.06243830919265747,0.005836823023855686,0.0,0.0,0.06827513128519058
2111,7.0,0.028924038633704185,0.001419472973793745,0.0,0.0,0.030343512073159218
2112,7.0,0.046751927584409714,0.003892135340720415,0.0,0.0,0.05064406245946884
2113,7.0,0.03450848534703255,0.002193652093410492,0.0,0.0,0.03670213744044304
2114,7.0,0.04006372392177582,0.0024828712921589613,0.0,0.0,0.042546596378088
2115,7.0,0.05134781450033188,0.004538899753242731,0.0,0.0,0.05588671565055847
2116,7.0,0.034828756004571915,0.0019382087048143148,0.0,0.0,0.03676696494221687
2117,7.0,0.036436229944229126,0.00196174718439579,0.0,0.0,0.03839797526597977
2118,7.0,0.03948932886123657,0.0022647641599178314,0.0,0.0,0.041754093021154404
2119,7.0,0.03738738223910332,0.002421255689114332,0.0,0.0,0.03980863839387894
2120,7.0,0.037430666387081146,0.0021234937012195587,0.0,0.0,0.039554160088300705
2121,7.0,0.03892481327056885,0.002232539001852274,0.0,0.0,0.041157353669404984
2122,7.0,0.035086601972579956,0.0020566610619425774,0.0,0.0,0.03714326396584511
2123,7.0,0.03917326778173447,0.0027610971592366695,0.0,0.0,0.041934363543987274
2124,7.0,0.03597278892993927,0.002285103313624859,0.0,0.0,0.038257893174886703
2125,7.0,0.042553067207336426,0.0033266455866396427,0.0,0.0,0.04587971419095993
2126,7.0,0.05150190740823746,0.00503505626693368,0.0,0.0,0.056536965072155
2127,7.0,0.05222994461655617,0.004706668667495251,0.0,0.0,0.05693661421537399
2128,7.0,0.03363338112831116,0.0020378930494189262,0.0,0.0,0.03567127510905266
2129,7.0,0.03818114846944809,0.0026825438253581524,0.0,0.0,0.04086369276046753
2130,7.0,0.0465225875377655,0.004162042401731014,0.0,0.0,0.05068463087081909
2131,7.0,0.03512992709875107,0.0022882185876369476,0.0,0.0,0.037418145686388016
2132,7.0,0.03634866327047348,0.002288983203470707,0.0,0.0,0.03863764554262161
2133,7.0,0.03524493798613548,0.0019098067423328757,0.0,0.0,0.03715474531054497
2134,7.0,0.036282483488321304,0.002449202351272106,0.0,0.0,0.038731686770915985
2135,7.0,0.05887438356876373,0.006052042823284864,0.0,0.0,0.06492642313241959
2136,7.0,0.03801635280251503,0.002427752362564206,0.0,0.0,0.04044410586357117
2137,7.0,0.04176178202033043,0.002987160347402096,0.0,0.0,0.0447489432990551
2138,7.0,0.03859419375658035,0.0023789142724126577,0.0,0.0,0.040973108261823654
2139,7.0,0.0335017591714859,0.0018701645312830806,0.0,0.0,0.035371921956539154
2140,7.0,0.0370526984333992,0.002687718253582716,0.0,0.0,0.039740417152643204
2141,7.0,0.03722080588340759,0.0021074102260172367,0.0,0.0,0.03932821750640869
2142,7.0,0.03828194737434387,0.0027199385222047567,0.0,0.0,0.04100188612937927
2143,7.0,0.03934192284941673,0.002901917789131403,0.0,0.0,0.042243842035532
2144,7.0,0.03852654621005058,0.002881457097828388,0.0,0.0,0.041408002376556396
2145,7.0,0.03561200946569443,0.0025037936866283417,0.0,0.0,0.03811580315232277
2146,7.0,0.03556792810559273,0.002020386978983879,0.0,0.0,0.03758831322193146
2147,7.0,0.04283657670021057,0.0032342136837542057,0.0,0.0,0.04607079178094864
2148,7.0,0.035224344581365585,0.0025299619883298874,0.0,0.0,0.037754304707050323
2149,7.0,0.031313978135585785,0.0016802788013592362,0.0,0.0,0.03299425542354584
2150,7.0,0.06001828610897064,0.006162501405924559,0.0,0.0,0.06618078798055649
2151,7.0,0.037022363394498825,0.0027848840691149235,0.0,0.0,0.03980724886059761
2152,7.0,0.0329585075378418,0.0018435480305925012,0.0,0.0,0.03480205684900284
2153,7.0,0.03160899877548218,0.0018295340705662966,0.0,0.0,0.033438533544540405
2154,7.0,0.030413102358579636,0.0017485026037320495,0.0,0.0,0.03216160461306572
2155,7.0,0.051605597138404846,0.004802738316357136,0.0,0.0,0.05640833452343941
2156,7.0,0.06955417990684509,0.007629105821251869,0.0,0.0,0.07718328386545181
2157,7.0,0.031732238829135895,0.0017483739648014307,0.0,0.0,0.03348061442375183
2158,7.0,0.03723162040114403,0.002714322879910469,0.0,0.0,0.039945945143699646
2159,7.0,0.03726052865386009,0.0026399868074804544,0.0,0.0,0.0399005152285099
2160,7.0,0.03671497851610184,0.0021662600338459015,0.0,0.0,0.03888123854994774
2161,7.0,0.05261697247624397,0.0049248733557760715,0.0,0.0,0.057541847229003906
2162,7.0,0.03667978197336197,0.0020603977609425783,0.0,0.0,0.03874018043279648
2163,7.0,0.03917783126235008,0.002814310137182474,0.0,0.0,0.04199214279651642
2164,7.0,0.039335258305072784,0.002686949446797371,0.0,0.0,0.042022205889225006
2165,7.0,0.04320305585861206,0.0033404864370822906,0.0,0.0,0.04654354229569435
2166,7.0,0.03612465411424637,0.002315690042451024,0.0,0.0,0.038440342992544174
2167,7.0,0.0473141074180603,0.0037391039077192545,0.0,0.0,0.051053211092948914
2168,7.0,0.035839349031448364,0.0022120578214526176,0.0,0.0,0.038051407784223557
2169,7.0,0.041374169290065765,0.002512979554012418,0.0,0.0,0.043887149542570114
2170,7.0,0.03877745568752289,0.0028933899011462927,0.0,0.0,0.041670843958854675
2171,7.0,0.037547942250967026,0.0022803363390266895,0.0,0.0,0.03982827812433243
2172,7.0,0.048007261008024216,0.003942262381315231,0.0,0.0,0.05194952338933945
2173,7.0,0.04051153361797333,0.0025828820653259754,0.0,0.0,0.043094415217638016
2174,7.0,0.0374678410589695,0.0022742024157196283,0.0,0.0,0.03974204510450363
2175,7.0,0.0406457856297493,0.0030901236459612846,0.0,0.0,0.04373591020703316
2176,7.0,0.03426257148385048,0.0021648691035807133,0.0,0.0,0.036427441984415054
2177,7.0,0.03724351525306702,0.0027576663997024298,0.0,0.0,0.04000118002295494
2178,7.0,0.04047442972660065,0.0025813723914325237,0.0,0.0,0.04305580258369446
2179,7.0,0.04597238451242447,0.003899854840710759,0.0,0.0,0.04987223818898201
2180,7.0,0.03503416106104851,0.0024060558062046766,0.0,0.0,0.0374402180314064
2181,7.0,0.03085523098707199,0.001694688806310296,0.0,0.0,0.03254992142319679
2182,7.0,0.0513203963637352,0.004448987543582916,0.0,0.0,0.055769383907318115
2183,7.0,0.03358357399702072,0.002037160564213991,0.0,0.0,0.035620734095573425
2184,7.0,0.034979406744241714,0.0021336921490728855,0.0,0.0,0.03711310029029846
2185,7.0,0.032753437757492065,0.0018545468337833881,0.0,0.0,0.034607984125614166
2186,7.0,0.03415340185165405,0.0020527271553874016,0.0,0.0,0.03620612993836403
2187,7.0,0.05882979556918144,0.00596410920843482,0.0,0.0,0.0647939071059227
2188,7.0,0.03801432624459267,0.0029111402109265327,0.0,0.0,0.040925465524196625
2189,7.0,0.03612751513719559,0.002658392768353224,0.0,0.0,0.0387859083712101
2190,7.0,0.0331878736615181,0.0019353353418409824,0.0,0.0,0.03512321040034294
2191,7.0,0.03423744812607765,0.001857595518231392,0.0,0.0,0.03609504550695419
2192,7.0,0.03387192636728287,0.0019297826802358031,0.0,0.0,0.035801708698272705
2193,7.0,0.048492979258298874,0.004171985201537609,0.0,0.0,0.05266496539115906
2194,7.0,0.04208281636238098,0.0026598256081342697,0.0,0.0,0.0447426438331604
2195,7.0,0.03542770445346832,0.0021573172416538,0.0,0.0,0.03758502006530762
2196,7.0,0.03228079155087471,0.0017683575861155987,0.0,0.0,0.034049149602651596
2197,7.0,0.032044798135757446,0.0018258234485983849,0.0,0.0,0.033870622515678406
2198,7.0,0.04299979656934738,0.0033394675701856613,0.0,0.0,0.04633926600217819
2199,7.0,0.03267253190279007,0.0019351256778463721,0.0,0.0,0.0346076563000679
2200,7.0,0.034916989505290985,0.0021164347417652607,0.0,0.0,0.03703342378139496
2201,7.0,0.031462009996175766,0.0017540121916681528,0.0,0.0,0.033216021955013275
2202,7.0,0.058143436908721924,0.005419587716460228,0.0,0.0,0.0635630264878273
2203,7.0,0.062164172530174255,0.006661934778094292,0.0,0.0,0.0688261091709137
2204,7.0,0.03972950577735901,0.002860657637938857,0.0,0.0,0.04259016364812851
2205,7.0,0.032074734568595886,0.001789312344044447,0.0,0.0,0.03386404737830162
2206,7.0,0.03852912038564682,0.0022153854370117188,0.0,0.0,0.04074450582265854
2207,7.0,0.04145621135830879,0.0029735956341028214,0.0,0.0,0.04442980885505676
2208,7.0,0.03993191570043564,0.0026041120290756226,0.0,0.0,0.04253602772951126
2209,7.0,0.041002266108989716,0.0027535022236406803,0.0,0.0,0.04375576972961426
2210,7.0,0.040391139686107635,0.0032462540548294783,0.0,0.0,0.04363739490509033
2211,7.0,0.0383555144071579,0.002061429899185896,0.0,0.0,0.04041694477200508
2212,7.0,0.03306107968091965,0.0019061234779655933,0.0,0.0,0.03496720269322395
2213,7.0,0.035549964755773544,0.0023008203133940697,0.0,0.0,0.03785078600049019
2214,7.0,0.033477723598480225,0.0018697479972615838,0.0,0.0,0.03534747287631035
2215,7.0,0.030304759740829468,0.0016251425258815289,0.0,0.0,0.031929902732372284
2216,7.0,0.0368913896381855,0.0027962825261056423,0.0,0.0,0.03968767076730728
2217,7.0,0.06108572706580162,0.00608308520168066,0.0,0.0,0.06716880947351456
2218,7.0,0.031169448047876358,0.0017587351612746716,0.0,0.0,0.03292818367481232
2219,7.0,0.030897341668605804,0.0018538904841989279,0.0,0.0,0.032751232385635376
2220,7.0,0.060636669397354126,0.006086209788918495,0.0,0.0,0.06672287732362747
2221,7.0,0.045685335993766785,0.0034618512727320194,0.0,0.0,0.049147188663482666
2222,7.0,0.028361551463603973,0.001377229462377727,0.0,0.0,0.029738780111074448
2223,7.0,0.04377002269029617,0.003568760585039854,0.0,0.0,0.047338783740997314
2224,7.0,0.051639825105667114,0.004470399580895901,0.0,0.0,0.05611022561788559
2225,7.0,0.03849524259567261,0.0027687069959938526,0.0,0.0,0.04126394912600517
2226,7.0,0.04151462763547897,0.002811356680467725,0.0,0.0,0.04432598501443863
2227,7.0,0.03950970247387886,0.002683935221284628,0.0,0.0,0.042193636298179626
2228,7.0,0.042737722396850586,0.0028568957932293415,0.0,0.0,0.04559461772441864
2229,7.0,0.04518994316458702,0.003067043609917164,0.0,0.0,0.04825698584318161
2230,7.0,0.038076866418123245,0.002536776941269636,0.0,0.0,0.04061364382505417
2231,7.0,0.042094409465789795,0.0028930464759469032,0.0,0.0,0.044987455010414124
2232,7.0,0.043651796877384186,0.002731418004259467,0.0,0.0,0.04638321325182915
2233,7.0,0.04008940979838371,0.00321687338873744,0.0,0.0,0.04330628365278244
2234,7.0,0.0440877266228199,0.0033686612732708454,0.0,0.0,0.04745638743042946
2235,7.0,0.03725742921233177,0.0024439492262899876,0.0,0.0,0.03970137983560562
2236,7.0,0.04768047481775284,0.0042258864268660545,0.0,0.0,0.05190636217594147
2237,7.0,0.03391242027282715,0.0020267958752810955,0.0,0.0,0.03593921661376953
2238,7.0,0.046582505106925964,0.003736284328624606,0.0,0.0,0.05031878873705864
2239,7.0,0.031665652990341187,0.0016510352725163102,0.0,0.0,0.03331668674945831
2240,7.0,0.03783025965094566,0.0027927029877901077,0.0,0.0,0.04062296450138092
2241,7.0,0.03439895808696747,0.0021533931139856577,0.0,0.0,0.03655235096812248
2242,7.0,0.036345224827528,0.0021573412232100964,0.0,0.0,0.038502566516399384
2243,7.0,0.03849644958972931,0.0028470756951719522,0.0,0.0,0.04134352505207062
2244,7.0,0.03185296058654785,0.0018302151001989841,0.0,0.0,0.0336831770837307
2245,7.0,0.04165537655353546,0.0029974598437547684,0.0,0.0,0.04465283453464508
2246,7.0,0.036886535584926605,0.0026137991808354855,0.0,0.0,0.03950033336877823
2247,7.0,0.03488777577877045,0.0019483667565509677,0.0,0.0,0.03683614358305931
2248,7.0,0.03225766867399216,0.0017279849853366613,0.0,0.0,0.03398565202951431
2249,7.0,0.029791209846735,0.0016479822807013988,0.0,0.0,0.03143919259309769
2250,7.0,0.037515781819820404,0.0028494803700596094,0.0,0.0,0.04036526381969452
2251,7.0,0.03908189386129379,0.002699356060475111,0.0,0.0,0.04178125038743019
2252,7.0,0.03623371571302414,0.002705892315134406,0.0,0.0,0.03893960639834404
2253,7.0,0.07095691561698914,0.007807536981999874,0.0,0.0,0.07876445353031158
2254,7.0,0.03037610463798046,0.0016147652640938759,0.0,0.0,0.03199087083339691
2255,7.0,0.05503051355481148,0.004749410320073366,0.0,0.0,0.059779923409223557
2256,7.0,0.03995190188288689,0.003138990607112646,0.0,0.0,0.04309089109301567
2257,7.0,0.03540581092238426,0.002195652574300766,0.0,0.0,0.03760146349668503
2258,7.0,0.031230758875608444,0.0015602036146447062,0.0,0.0,0.03279096260666847
2259,7.0,0.03343577682971954,0.0018014897359535098,0.0,0.0,0.03523726761341095
2260,7.0,0.03838645666837692,0.00259997695684433,0.0,0.0,0.04098643362522125
2261,7.0,0.03502614051103592,0.0020372113212943077,0.0,0.0,0.0370633527636528
2262,7.0,0.036696821451187134,0.002520141191780567,0.0,0.0,0.039216961711645126
2263,7.0,0.03436734527349472,0.0020125065930187702,0.0,0.0,0.0363798514008522
2264,7.0,0.031200282275676727,0.0017272706609219313,0.0,0.0,0.03292755410075188
2265,7.0,0.03336184099316597,0.0021677257027477026,0.0,0.0,0.03552956506609917
2266,7.0,0.033175431191921234,0.0019592526368796825,0.0,0.0,0.035134684294462204
2267,7.0,0.031705230474472046,0.0015275250189006329,0.0,0.0,0.033232755959033966
2268,7.0,0.03357711061835289,0.002100832760334015,0.0,0.0,0.035677943378686905
2269,7.0,0.03180885687470436,0.0018300253432244062,0.0,0.0,0.033638883382081985
2270,7.0,0.02940075285732746,0.001469707116484642,0.0,0.0,0.030870459973812103
2271,7.0,0.049186643213033676,0.004032853990793228,0.0,0.0,0.053219497203826904
2272,7.0,0.030566342175006866,0.0017785781528800726,0.0,0.0,0.032344918698072433
2273,7.0,0.04114256799221039,0.0034476672299206257,0.0,0.0,0.04459023475646973
2274,7.0,0.057146936655044556,0.005223032087087631,0.0,0.0,0.06236996874213219
2275,7.0,0.04173082858324051,0.0029641869477927685,0.0,0.0,0.044695015996694565
2276,7.0,0.03533472865819931,0.0023363083600997925,0.0,0.0,0.0376710370182991
2277,7.0,0.03210430219769478,0.0019813724793493748,0.0,0.0,0.034085676074028015
2278,7.0,0.029815007001161575,0.0015441197901964188,0.0,0.0,0.03135912865400314
2279,7.0,0.035612352192401886,0.0025638320948928595,0.0,0.0,0.03817618265748024
2280,7.0,0.029097650200128555,0.001453275210224092,0.0,0.0,0.030550925061106682
2281,7.0,0.04120282083749771,0.002992597408592701,0.0,0.0,0.04419541731476784
2282,7.0,0.03512753173708916,0.002437293529510498,0.0,0.0,0.037564825266599655
2283,7.0,0.05037204548716545,0.004865700379014015,0.0,0.0,0.055237747728824615
2284,7.0,0.0693899616599083,0.00785830058157444,0.0,0.0,0.07724826037883759
2285,7.0,0.03672613203525543,0.002325803739950061,0.0,0.0,0.03905193507671356
2286,7.0,0.036902450025081635,0.0026493682526052,0.0,0.0,0.03955181688070297
2287,7.0,0.03954701870679855,0.002544817980378866,0.0,0.0,0.04209183529019356
2288,7.0,0.039790667593479156,0.002942122984677553,0.0,0.0,0.04273279011249542
2289,7.0,0.03816571459174156,0.002783890813589096,0.0,0.0,0.04094960540533066
2290,7.0,0.03639385104179382,0.002243123482912779,0.0,0.0,0.03863697499036789
2291,7.0,0.04577997326850891,0.002894946373999119,0.0,0.0,0.048674918711185455
2292,7.0,0.03921418637037277,0.0022281184792518616,0.0,0.0,0.041442304849624634
2293,7.0,0.037936821579933167,0.002295892219990492,0.0,0.0,0.040232714265584946
2294,7.0,0.04431946575641632,0.003621485084295273,0.0,0.0,0.047940950840711594
2295,7.0,0.035244420170784,0.0019375506090000272,0.0,0.0,0.03718196973204613
2296,7.0,0.0390179269015789,0.002944225911051035,0.0,0.0,0.0419621542096138
2297,7.0,0.03093636780977249,0.0016083677764981985,0.0,0.0,0.032544735819101334
2298,7.0,0.035467665642499924,0.0025519346818327904,0.0,0.0,0.03801960125565529
2299,7.0,0.034907951951026917,0.002209414029493928,0.0,0.0,0.0371173657476902
2300,7.0,0.03770100697875023,0.0028406083583831787,0.0,0.0,0.04054161533713341
2301,7.0,0.08392201364040375,0.009977344423532486,0.0,0.0,0.09389935433864594
2302,7.0,0.02995743602514267,0.001691944431513548,0.0,0.0,0.031649380922317505
2303,7.0,0.03418392315506935,0.002196541288867593,0.0,0.0,0.03638046607375145
2304,7.0,0.05004066973924637,0.004228164907544851,0.0,0.0,0.05426883324980736
2305,7.0,0.031189877539873123,0.0018311355961486697,0.0,0.0,0.03302101418375969
2306,7.0,0.030648235231637955,0.0017439461080357432,0.0,0.0,0.03239218145608902
2307,7.0,0.05636124685406685,0.005745011381804943,0.0,0.0,0.062106259167194366
2308,7.0,0.03542093560099602,0.0022871517576277256,0.0,0.0,0.037708088755607605
2309,7.0,0.03232283890247345,0.0017828423297032714,0.0,0.0,0.034105680882930756
2310,7.0,0.04087661951780319,0.003062836593016982,0.0,0.0,0.04393945634365082
2311,7.0,0.03447037935256958,0.0020225057378411293,0.0,0.0,0.036492884159088135
2312,7.0,0.04884714260697365,0.0044445740059018135,0.0,0.0,0.05329171568155289
2313,7.0,0.03941557556390762,0.002811331767588854,0.0,0.0,0.04222690686583519
2314,7.0,0.03815794363617897,0.0027127210050821304,0.0,0.0,0.04087066650390625
2315,7.0,0.03841911256313324,0.0024274569004774094,0.0,0.0,0.0408465713262558
2316,7.0,0.035313934087753296,0.0020545898005366325,0.0,0.0,0.0373685248196125
2317,7.0,0.033429116010665894,0.0018453950760886073,0.0,0.0,0.03527450934052467
2318,7.0,0.0386565700173378,0.00274321879260242,0.0,0.0,0.04139978811144829
2319,7.0,0.0404573529958725,0.0030449379701167345,0.0,0.0,0.043502289801836014
2320,7.0,0.03313152492046356,0.0018519940786063671,0.0,0.0,0.034983519464731216
2321,7.0,0.03233741223812103,0.0019354552496224642,0.0,0.0,0.03427286818623543
2322,7.0,0.05208464711904526,0.004900014493614435,0.0,0.0,0.056984663009643555
2323,7.0,0.030599435791373253,0.0015428351471200585,0.0,0.0,0.0321422703564167
2324,7.0,0.032736245542764664,0.0021211719140410423,0.0,0.0,0.03485741838812828
2325,7.0,0.03433559089899063,0.0022870213724672794,0.0,0.0,0.03662261366844177
2326,7.0,0.030087698251008987,0.0015497223939746618,0.0,0.0,0.031637419015169144
2327,7.0,0.04999947175383568,0.004644935484975576,0.0,0.0,0.05464440584182739
2328,7.0,0.033652499318122864,0.002088249661028385,0.0,0.0,0.035740748047828674
2329,7.0,0.03243965655565262,0.0021383489947766066,0.0,0.0,0.03457800671458244
2330,7.0,0.03244648873806,0.0019064364023506641,0.0,0.0,0.034352924674749374
2331,7.0,0.057308778166770935,0.0058161672204732895,0.0,0.0,0.06312494724988937
2332,7.0,0.029764752835035324,0.0014802719233557582,0.0,0.0,0.031245024874806404
2333,7.0,0.03070533275604248,0.0015824949368834496,0.0,0.0,0.032287828624248505
2334,7.0,0.032660771161317825,0.0018941087182611227,0.0,0.0,0.03455488011240959
2335,7.0,0.03227683901786804,0.001856209710240364,0.0,0.0,0.03413304686546326
2336,7.0,0.030567869544029236,0.0017062928527593613,0.0,0.0,0.032274164259433746
2337,7.0,0.03337725251913071,0.0020158246625214815,0.0,0.0,0.03539307788014412
2338,7.0,0.033000648021698,0.0019443795317783952,0.0,0.0,0.03494502604007721
2339,7.0,0.030136941000819206,0.0016199048841372132,0.0,0.0,0.031756844371557236
2340,7.0,0.06295786798000336,0.006196637637913227,0.0,0.0,0.06915450841188431
2341,7.0,0.03475943207740784,0.0023132844362407923,0.0,0.0,0.037072718143463135
2342,7.0,0.035226598381996155,0.0024780838284641504,0.0,0.0,0.03770468384027481
2343,7.0,0.029407719150185585,0.0014536820817738771,0.0,0.0,0.030861401930451393
2344,7.0,0.03603369742631912,0.0025870073586702347,0.0,0.0,0.03862070292234421
2345,7.0,0.032017581164836884,0.00195168680511415,0.0,0.0,0.03396926820278168
2346,7.0,0.031173517927527428,0.0017464362317696214,0.0,0.0,0.032919954508543015
2347,7.0,0.031233277171850204,0.0015706971753388643,0.0,0.0,0.032803975045681
2348,7.0,0.037314511835575104,0.0027990886010229588,0.0,0.0,0.040113601833581924
2349,7.0,0.029006171971559525,0.0015104659833014011,0.0,0.0,0.03051663748919964
2350,7.0,0.037266701459884644,0.0028569460846483707,0.0,0.0,0.040123648941516876
2351,7.0,0.03404473513364792,0.002167626516893506,0.0,0.0,0.036212362349033356
2352,7.0,0.03972173482179642,0.003160000080242753,0.0,0.0,0.04288173466920853
2353,7.0,0.040568944066762924,0.0027687682304531336,0.0,0.0,0.04333771392703056
2354,7.0,0.04031526297330856,0.0034310747869312763,0.0,0.0,0.04374633729457855
2355,7.0,0.05970432236790657,0.005711754318326712,0.0,0.0,0.06541607528924942
2356,7.0,0.03166988119482994,0.0018803952261805534,0.0,0.0,0.03355027735233307
2357,7.0,0.03823491930961609,0.0030279159545898438,0.0,0.0,0.04126283526420593
2358,7.0,0.03280738741159439,0.0019017194863408804,0.0,0.0,0.034709107130765915
2359,7.0,0.03581700474023819,0.002182453405112028,0.0,0.0,0.037999458611011505
2360,7.0,0.033721551299095154,0.00198550196364522,0.0,0.0,0.035707052797079086
2361,7.0,0.04481201618909836,0.0040349205955863,0.0,0.0,0.04884693771600723
2362,7.0,0.03875260055065155,0.0028188107535243034,0.0,0.0,0.04157141223549843
2363,7.0,0.037409696727991104,0.0026030102744698524,0.0,0.0,0.04001270607113838
2364,7.0,0.039083242416381836,0.003198219696059823,0.0,0.0,0.042281463742256165
2365,7.0,0.04233001917600632,0.0034449591767042875,0.0,0.0,0.045774977654218674
2366,7.0,0.034565191715955734,0.002206736244261265,0.0,0.0,0.036771927028894424
2367,7.0,0.038248561322689056,0.002311109099537134,0.0,0.0,0.04055967181921005
2368,7.0,0.043213967233896255,0.0035144477151334286,0.0,0.0,0.04672841355204582
2369,7.0,0.04067450761795044,0.0029333264101296663,0.0,0.0,0.04360783472657204
2370,7.0,0.04879829287528992,0.0041748639196157455,0.0,0.0,0.05297315865755081
2371,7.0,0.036247506737709045,0.002371664857491851,0.0,0.0,0.03861917182803154
2372,7.0,0.039228517562150955,0.00282155885361135,0.0,0.0,0.0420500747859478
2373,7.0,0.0405719056725502,0.002345544984564185,0.0,0.0,0.04291744902729988
2374,7.0,0.03785409778356552,0.0025794776156544685,0.0,0.0,0.040433574467897415
2375,7.0,0.03390321880578995,0.002066221786662936,0.0,0.0,0.03596943989396095
2376,7.0,0.0391143262386322,0.0027795566711574793,0.0,0.0,0.04189388453960419
2377,7.0,0.04030577465891838,0.0029748985543847084,0.0,0.0,0.043280672281980515
2378,7.0,0.03978347033262253,0.0029545535799115896,0.0,0.0,0.04273802414536476
2379,7.0,0.05815698951482773,0.005651886574923992,0.0,0.0,0.063808873295784
2380,7.0,0.03597601503133774,0.0023375190794467926,0.0,0.0,0.03831353411078453
2381,7.0,0.039354920387268066,0.002792771439999342,0.0,0.0,0.042147692292928696
2382,7.0,0.03514406457543373,0.002322037238627672,0.0,0.0,0.037466101348400116
2383,7.0,0.03838350623846054,0.0023339244071394205,0.0,0.0,0.04071743041276932
2384,7.0,0.03349025920033455,0.0021260371431708336,0.0,0.0,0.03561629727482796
2385,7.0,0.03851286321878433,0.0027455014642328024,0.0,0.0,0.04125836491584778
2386,7.0,0.03903062269091606,0.002875444246456027,0.0,0.0,0.04190606623888016
2387,7.0,0.03352418169379234,0.0019635760691016912,0.0,0.0,0.03548775613307953
2388,7.0,0.03821558877825737,0.002841765061020851,0.0,0.0,0.04105735570192337
2389,7.0,0.04301384091377258,0.0032065492123365402,0.0,0.0,0.04622039198875427
2390,7.0,0.039149925112724304,0.0028574622701853514,0.0,0.0,0.042007386684417725
2391,7.0,0.03698259964585304,0.002755480818450451,0.0,0.0,0.03973808139562607
2392,8.0,0.044607341289520264,0.0035229851491749287,0.0,0.0,0.048130325973033905
2393,8.0,0.031839869916439056,0.0017835348844528198,0.0,0.0,0.033623404800891876
2394,8.0,0.05068982392549515,0.0049049509689211845,0.0,0.0,0.05559477582573891
2395,8.0,0.037872008979320526,0.0027038853149861097,0.0,0.0,0.040575895458459854
2396,8.0,0.030729174613952637,0.0016863438067957759,0.0,0.0,0.032415516674518585
2397,8.0,0.03457663953304291,0.0018744069384410977,0.0,0.0,0.03645104542374611
2398,8.0,0.04088526591658592,0.0026121214032173157,0.0,0.0,0.04349738731980324
2399,8.0,0.03738560900092125,0.0026799049228429794,0.0,0.0,0.04006551206111908
2400,8.0,0.050993241369724274,0.0046725645661354065,0.0,0.0,0.05566580593585968
2401,8.0,0.038898028433322906,0.00288468599319458,0.0,0.0,0.04178271442651749
2402,8.0,0.038802992552518845,0.002942335791885853,0.0,0.0,0.04174532741308212
2403,8.0,0.04937373474240303,0.0043338933028280735,0.0,0.0,0.053707629442214966
2404,8.0,0.032235682010650635,0.0018617347814142704,0.0,0.0,0.03409741818904877
2405,8.0,0.03873567283153534,0.0029209160711616278,0.0,0.0,0.04165658727288246
2406,8.0,0.03585537150502205,0.002121414290741086,0.0,0.0,0.037976786494255066
2407,8.0,0.03434467315673828,0.0020375463645905256,0.0,0.0,0.036382220685482025
2408,8.0,0.05335664004087448,0.0049281311221420765,0.0,0.0,0.05828477069735527
2409,8.0,0.03788604214787483,0.002938874065876007,0.0,0.0,0.04082491621375084
2410,8.0,0.035939112305641174,0.0022746706381440163,0.0,0.0,0.038213782012462616
2411,8.0,0.03799711540341377,0.002892902120947838,0.0,0.0,0.04089001566171646
2412,8.0,0.033275000751018524,0.0019563199020922184,0.0,0.0,0.035231322050094604
2413,8.0,0.03577551990747452,0.002217535162344575,0.0,0.0,0.03799305483698845
2414,8.0,0.037158749997615814,0.0021293251775205135,0.0,0.0,0.039288073778152466
2415,8.0,0.03531663864850998,0.001982651650905609,0.0,0.0,0.03729929029941559
2416,8.0,0.03694332391023636,0.0026594004593789577,0.0,0.0,0.039602722972631454
2417,8.0,0.034153781831264496,0.002133728703483939,0.0,0.0,0.03628750890493393
2418,8.0,0.03309974819421768,0.002019889885559678,0.0,0.0,0.035119637846946716
2419,8.0,0.02898738533258438,0.0015711404848843813,0.0,0.0,0.030558526515960693
2420,8.0,0.03777436167001724,0.0029081441462039948,0.0,0.0,0.04068250581622124
2421,8.0,0.0687471553683281,0.007381442468613386,0.0,0.0,0.07612859457731247
2422,8.0,0.030011583119630814,0.0017087192973122,0.0,0.0,0.03172030299901962
2423,8.0,0.05090687796473503,0.0042864056304097176,0.0,0.0,0.055193282663822174
2424,8.0,0.070393405854702,0.007553485222160816,0.0,0.0,0.07794689387083054
2425,8.0,0.03013153001666069,0.001500402926467359,0.0,0.0,0.03163193166255951
2426,8.0,0.03189444914460182,0.0018197246827185154,0.0,0.0,0.0337141752243042
2427,8.0,0.037375204265117645,0.0027280785143375397,0.0,0.0,0.040103282779455185
2428,8.0,0.0360291451215744,0.002011767588555813,0.0,0.0,0.03804091364145279
2429,8.0,0.03781621903181076,0.0023274014238268137,0.0,0.0,0.04014362022280693
2430,8.0,0.05366220325231552,0.005151609890162945,0.0,0.0,0.05881381407380104
2431,8.0,0.049035392701625824,0.004040544852614403,0.0,0.0,0.053075939416885376
2432,8.0,0.04185612127184868,0.0026921050157397985,0.0,0.0,0.04454822465777397
2433,8.0,0.04723009094595909,0.0031611700542271137,0.0,0.0,0.05039126053452492
2434,8.0,0.04568322002887726,0.0033139423467218876,0.0,0.0,0.04899716377258301
2435,8.0,0.041595835238695145,0.0025077704340219498,0.0,0.0,0.044103607535362244
2436,8.0,0.04028680920600891,0.0025845542550086975,0.0,0.0,0.04287136346101761
2437,8.0,0.036036133766174316,0.0023766010999679565,0.0,0.0,0.03841273486614227
2438,8.0,0.03476562350988388,0.002073447685688734,0.0,0.0,0.0368390716612339
2439,8.0,0.030923638492822647,0.0016092176083475351,0.0,0.0,0.03253285586833954
2440,8.0,0.031895577907562256,0.0019719493575394154,0.0,0.0,0.033867526799440384
2441,8.0,0.03776109963655472,0.0026129898615181446,0.0,0.0,0.040374089032411575
2442,8.0,0.039713162928819656,0.0031160623766481876,0.0,0.0,0.042829226702451706
2443,8.0,0.03808986768126488,0.0029144168365746737,0.0,0.0,0.04100428521633148
2444,8.0,0.030744440853595734,0.0018652890576049685,0.0,0.0,0.0326097309589386
2445,8.0,0.06707075238227844,0.00729682482779026,0.0,0.0,0.07436757534742355
2446,8.0,0.07802748680114746,0.008900321088731289,0.0,0.0,0.08692780882120132
2447,8.0,0.03326287865638733,0.002242262475192547,0.0,0.0,0.03550514206290245
2448,8.0,0.0288828294724226,0.0014131070347502828,0.0,0.0,0.03029593639075756
2449,8.0,0.04465869814157486,0.0034692466724663973,0.0,0.0,0.04812794551253319
2450,8.0,0.05747150629758835,0.0056551070883870125,0.0,0.0,0.06312661617994308
2451,8.0,0.038262151181697845,0.0022121407091617584,0.0,0.0,0.040474291890859604
2452,8.0,0.038180120289325714,0.0022038938477635384,0.0,0.0,0.04038401320576668
2453,8.0,0.038446925580501556,0.0026177302934229374,0.0,0.0,0.041064657270908356
2454,8.0,0.045597389340400696,0.0038936305791139603,0.0,0.0,0.04949101805686951
2455,8.0,0.04298704117536545,0.002584488596767187,0.0,0.0,0.04557152837514877
2456,8.0,0.044475406408309937,0.0035922322422266006,0.0,0.0,0.04806763678789139
2457,8.0,0.047069791704416275,0.0030092173255980015,0.0,0.0,0.05007901042699814
2458,8.0,0.04699113219976425,0.0031857078429311514,0.0,0.0,0.05017684027552605
2459,8.0,0.042576223611831665,0.0028450051322579384,0.0,0.0,0.04542122781276703
2460,8.0,0.04009583964943886,0.002698834054172039,0.0,0.0,0.04279467463493347
2461,8.0,0.034871913492679596,0.002073445823043585,0.0,0.0,0.03694535791873932
2462,8.0,0.03604845702648163,0.0020024841651320457,0.0,0.0,0.03805094212293625
2463,8.0,0.036061838269233704,0.0024683838710188866,0.0,0.0,0.038530223071575165
2464,8.0,0.03574515879154205,0.002632950432598591,0.0,0.0,0.03837810829281807
2465,8.0,0.03788291662931442,0.002906469628214836,0.0,0.0,0.04078938812017441
2466,8.0,0.039615802466869354,0.0034196265041828156,0.0,0.0,0.04303542897105217
2467,8.0,0.03797844797372818,0.0028444412164390087,0.0,0.0,0.040822889655828476
2468,8.0,0.06769129633903503,0.007135344669222832,0.0,0.0,0.07482664287090302
2469,8.0,0.034961991012096405,0.0022764806635677814,0.0,0.0,0.0372384712100029
2470,8.0,0.028913334012031555,0.0013303251471370459,0.0,0.0,0.030243659391999245
2471,8.0,0.03185475245118141,0.0018972945399582386,0.0,0.0,0.03375204652547836
2472,8.0,0.0297721978276968,0.0016074965242296457,0.0,0.0,0.03137969598174095
2473,8.0,0.06187620013952255,0.00595577759668231,0.0,0.0,0.06783197820186615
2474,8.0,0.06182878091931343,0.00586857832968235,0.0,0.0,0.06769736111164093
2475,8.0,0.041990168392658234,0.0032852054573595524,0.0,0.0,0.04527537524700165
2476,8.0,0.043984293937683105,0.0032720384187996387,0.0,0.0,0.04725633189082146
2477,8.0,0.03884785994887352,0.002705602440983057,0.0,0.0,0.04155346378684044
2478,8.0,0.03894783556461334,0.0023589874617755413,0.0,0.0,0.04130682349205017
2479,8.0,0.0402136854827404,0.002527858130633831,0.0,0.0,0.04274154454469681
2480,8.0,0.04060841351747513,0.003070930717512965,0.0,0.0,0.04367934539914131
2481,8.0,0.04132305085659027,0.002979833632707596,0.0,0.0,0.04430288448929787
2482,8.0,0.04167759791016579,0.0026444466784596443,0.0,0.0,0.044322043657302856
2483,8.0,0.04220430180430412,0.002687618602067232,0.0,0.0,0.04489191994071007
2484,8.0,0.04155910760164261,0.002574937418103218,0.0,0.0,0.04413404315710068
2485,8.0,0.03826352581381798,0.002759154187515378,0.0,0.0,0.04102268069982529
2486,8.0,0.04670033976435661,0.0037048254162073135,0.0,0.0,0.050405167043209076
2487,8.0,0.037939898669719696,0.0024108500219881535,0.0,0.0,0.04035075008869171
2488,8.0,0.033014651387929916,0.0018238576594740152,0.0,0.0,0.03483850881457329
2489,8.0,0.04494727402925491,0.003505698638036847,0.0,0.0,0.04845297336578369
2490,8.0,0.0362357534468174,0.002493730979040265,0.0,0.0,0.038729485124349594
2491,8.0,0.036783263087272644,0.002754474524408579,0.0,0.0,0.039537739008665085
2492,8.0,0.06048564985394478,0.0059625497087836266,0.0,0.0,0.06644819676876068
2493,8.0,0.0381171889603138,0.0026930251624435186,0.0,0.0,0.04081021249294281
2494,8.0,0.0363844558596611,0.0021736330818384886,0.0,0.0,0.03855808824300766
2495,8.0,0.03845582902431488,0.002262190915644169,0.0,0.0,0.040718019008636475
2496,8.0,0.03424700349569321,0.0019003316992893815,0.0,0.0,0.036147333681583405
2497,8.0,0.03806734457612038,0.00284145912155509,0.0,0.0,0.040908802300691605
2498,8.0,0.03507661074399948,0.002290041884407401,0.0,0.0,0.03736665099859238
2499,8.0,0.03714451193809509,0.0027399519458413124,0.0,0.0,0.03988446295261383
2500,8.0,0.061300069093704224,0.005906938575208187,0.0,0.0,0.06720700860023499
2501,8.0,0.035041626542806625,0.0024829464964568615,0.0,0.0,0.037524573504924774
2502,8.0,0.030047660693526268,0.0016527113039046526,0.0,0.0,0.03170037269592285
2503,8.0,0.033033959567546844,0.0019468506798148155,0.0,0.0,0.034980811178684235
2504,8.0,0.0382983535528183,0.0027859797701239586,0.0,0.0,0.04108433425426483
2505,8.0,0.036131247878074646,0.0022528215777128935,0.0,0.0,0.03838406875729561
2506,8.0,0.03192836046218872,0.0017654593102633953,0.0,0.0,0.0336938202381134
2507,8.0,0.03057224489748478,0.0015512984246015549,0.0,0.0,0.032123543322086334
2508,8.0,0.03328049182891846,0.0019000235479325056,0.0,0.0,0.03518051654100418
2509,8.0,0.05446995049715042,0.004986625164747238,0.0,0.0,0.05945657566189766
2510,8.0,0.03421713411808014,0.0022130736615508795,0.0,0.0,0.03643020614981651
2511,8.0,0.04071195423603058,0.0030492523219436407,0.0,0.0,0.043761204928159714
2512,8.0,0.03116389364004135,0.0017598825506865978,0.0,0.0,0.032923776656389236
2513,8.0,0.03373725339770317,0.0018247696571052074,0.0,0.0,0.035562023520469666
2514,8.0,0.0391787514090538,0.0027168625965714455,0.0,0.0,0.04189561307430267
2515,8.0,0.03908560052514076,0.002710111439228058,0.0,0.0,0.04179571196436882
2516,8.0,0.04020681977272034,0.002504175528883934,0.0,0.0,0.04271099716424942
2517,8.0,0.03398386389017105,0.0018937750719487667,0.0,0.0,0.035877637565135956
2518,8.0,0.0351920910179615,0.002305983565747738,0.0,0.0,0.037498075515031815
2519,8.0,0.033815860748291016,0.002146490616723895,0.0,0.0,0.03596235066652298
2520,8.0,0.03252408653497696,0.0018641049973666668,0.0,0.0,0.03438819199800491
2521,8.0,0.03520295023918152,0.0022002640180289745,0.0,0.0,0.03740321472287178
2522,8.0,0.030038412660360336,0.0015396468807011843,0.0,0.0,0.03157806023955345
2523,8.0,0.06466394662857056,0.0064078811556100845,0.0,0.0,0.07107182592153549
2524,8.0,0.03127241134643555,0.0017483686096966267,0.0,0.0,0.033020779490470886
2525,8.0,0.03356461226940155,0.0021808622404932976,0.0,0.0,0.03574547544121742
2526,8.0,0.030414218083024025,0.0017243665643036366,0.0,0.0,0.03213858604431152
2527,8.0,0.038739122450351715,0.002730804495513439,0.0,0.0,0.04146992787718773
2528,8.0,0.04345017671585083,0.003429050324484706,0.0,0.0,0.046879228204488754
2529,8.0,0.04574503004550934,0.003926997538655996,0.0,0.0,0.04967202618718147
2530,8.0,0.03884565085172653,0.002917052712291479,0.0,0.0,0.04176270216703415
2531,8.0,0.04911814630031586,0.004756513983011246,0.0,0.0,0.0538746602833271
2532,8.0,0.04024927318096161,0.00319530232809484,0.0,0.0,0.04344457387924194
2533,8.0,0.04080704599618912,0.0029934796039015055,0.0,0.0,0.04380052536725998
2534,8.0,0.037530384957790375,0.002427338622510433,0.0,0.0,0.03995772451162338
2535,8.0,0.042673468589782715,0.0027279925998300314,0.0,0.0,0.04540146142244339
2536,8.0,0.043986689299345016,0.0027500498108565807,0.0,0.0,0.046736739575862885
2537,8.0,0.04679867997765541,0.002989392261952162,0.0,0.0,0.04978807270526886
2538,8.0,0.04494284838438034,0.003294274676591158,0.0,0.0,0.04823712259531021
2539,8.0,0.04123515635728836,0.002713148482143879,0.0,0.0,0.043948303908109665
2540,8.0,0.04185476899147034,0.002517969813197851,0.0,0.0,0.044372737407684326
2541,8.0,0.037503406405448914,0.0024880808778107166,0.0,0.0,0.03999148681759834
2542,8.0,0.035560548305511475,0.002171227242797613,0.0,0.0,0.037731774151325226
2543,8.0,0.03405456617474556,0.0020323521457612514,0.0,0.0,0.03608691692352295
2544,8.0,0.04558394476771355,0.003934585023671389,0.0,0.0,0.04951852932572365
2545,8.0,0.0428653359413147,0.0037871161475777626,0.0,0.0,0.046652451157569885
2546,8.0,0.03349316865205765,0.002100602723658085,0.0,0.0,0.03559377044439316
2547,8.0,0.03596921265125275,0.002405378967523575,0.0,0.0,0.03837459161877632
2548,8.0,0.04052905738353729,0.003261193400248885,0.0,0.0,0.04379025101661682
2549,8.0,0.03121337667107582,0.00160840037278831,0.0,0.0,0.03282177820801735
2550,8.0,0.029249193146824837,0.0015213144943118095,0.0,0.0,0.03077050670981407
2551,8.0,0.03447600081562996,0.0021990928798913956,0.0,0.0,0.036675095558166504
2552,8.0,0.03278195858001709,0.0020094295032322407,0.0,0.0,0.03479138761758804
2553,8.0,0.031143944710493088,0.0018377772066742182,0.0,0.0,0.03298172354698181
2554,8.0,0.0709388330578804,0.007270836271345615,0.0,0.0,0.07820966839790344
2555,8.0,0.03723534196615219,0.002847258932888508,0.0,0.0,0.040082599967718124
2556,8.0,0.034804895520210266,0.002258977619931102,0.0,0.0,0.037063874304294586
2557,8.0,0.058707624673843384,0.0054792677983641624,0.0,0.0,0.06418689340353012
2558,8.0,0.045549869537353516,0.00402844650670886,0.0,0.0,0.04957831650972366
2559,8.0,0.03676151484251022,0.0024939649738371372,0.0,0.0,0.03925548121333122
2560,8.0,0.03619130700826645,0.002226195763796568,0.0,0.0,0.038417503237724304
2561,8.0,0.03711581602692604,0.0025064796209335327,0.0,0.0,0.03962229564785957
2562,8.0,0.04060233011841774,0.002540617249906063,0.0,0.0,0.04314294829964638
2563,8.0,0.04236941039562225,0.0027868440374732018,0.0,0.0,0.04515625536441803
2564,8.0,0.04013119637966156,0.00281720794737339,0.0,0.0,0.0429484024643898
2565,8.0,0.0443875789642334,0.003241419792175293,0.0,0.0,0.04762899875640869
2566,8.0,0.039176095277071,0.0027012284845113754,0.0,0.0,0.041877321898937225
2567,8.0,0.039583995938301086,0.003170226700603962,0.0,0.0,0.042754221707582474
2568,8.0,0.03920964151620865,0.0024595423601567745,0.0,0.0,0.04166918247938156
2569,8.0,0.03884635120630264,0.0027992369141429663,0.0,0.0,0.041645586490631104
2570,8.0,0.03734935075044632,0.0021487842313945293,0.0,0.0,0.039498135447502136
2571,8.0,0.050321076065301895,0.00451996922492981,0.0,0.0,0.054841045290231705
2572,8.0,0.03431094437837601,0.00204723933711648,0.0,0.0,0.03635818511247635
2573,8.0,0.03213924914598465,0.0018500371370464563,0.0,0.0,0.03398928791284561
2574,8.0,0.02935708500444889,0.0015303001273423433,0.0,0.0,0.030887385830283165
2575,8.0,0.046766266226768494,0.0038957407232373953,0.0,0.0,0.05066200718283653
2576,8.0,0.07265156507492065,0.008351780474185944,0.0,0.0,0.0810033455491066
2577,8.0,0.035228580236434937,0.0024706004187464714,0.0,0.0,0.03769918158650398
2578,8.0,0.03226903825998306,0.0018213209696114063,0.0,0.0,0.03409035876393318
2579,8.0,0.034308526664972305,0.002245289972051978,0.0,0.0,0.03655381500720978
2580,8.0,0.030646223574876785,0.0015314464690163732,0.0,0.0,0.032177671790122986
2581,8.0,0.03704545646905899,0.0025226713623851538,0.0,0.0,0.03956812620162964
2582,8.0,0.04333481937646866,0.0032142987474799156,0.0,0.0,0.04654911905527115
2583,8.0,0.03804765269160271,0.0027018412947654724,0.0,0.0,0.04074949398636818
2584,8.0,0.048048216849565506,0.004483405034989119,0.0,0.0,0.05253162235021591
2585,8.0,0.03387719392776489,0.0020056255161762238,0.0,0.0,0.035882819443941116
2586,8.0,0.03696964681148529,0.002495354972779751,0.0,0.0,0.039465002715587616
2587,8.0,0.034029629081487656,0.002012473065406084,0.0,0.0,0.03604210168123245
2588,8.0,0.037305161356925964,0.0023640869185328484,0.0,0.0,0.03966924920678139
2589,8.0,0.038052573800086975,0.002574346959590912,0.0,0.0,0.04062692075967789
2590,8.0,0.03400708734989166,0.0020854235626757145,0.0,0.0,0.03609251230955124
2591,8.0,0.03514879196882248,0.0019588777795434,0.0,0.0,0.037107668817043304
2592,8.0,0.033899951726198196,0.0020801627542823553,0.0,0.0,0.035980112850666046
2593,8.0,0.04090507701039314,0.003126287367194891,0.0,0.0,0.04403136298060417
2594,8.0,0.03435039520263672,0.0018813975621014833,0.0,0.0,0.03623179346323013
2595,8.0,0.030415769666433334,0.0015155028086155653,0.0,0.0,0.03193127363920212
2596,8.0,0.034327182918787,0.0022050784900784492,0.0,0.0,0.03653226047754288
2597,8.0,0.03329446166753769,0.0021702521480619907,0.0,0.0,0.03546471521258354
2598,8.0,0.0306142196059227,0.0016071820864453912,0.0,0.0,0.03222140297293663
2599,8.0,0.03427210450172424,0.0021300516091287136,0.0,0.0,0.036402154713869095
2600,8.0,0.02936704270541668,0.0016263246070593596,0.0,0.0,0.030993366613984108
2601,8.0,0.038607705384492874,0.003113824874162674,0.0,0.0,0.04172153025865555
2602,8.0,0.039888106286525726,0.003220336977392435,0.0,0.0,0.04310844466090202
2603,8.0,0.040363892912864685,0.003589960280805826,0.0,0.0,0.04395385459065437
2604,8.0,0.042339615523815155,0.003136109095066786,0.0,0.0,0.04547572508454323
2605,8.0,0.029895314946770668,0.0018514097901061177,0.0,0.0,0.03174672648310661
2606,8.0,0.03118290938436985,0.001908496837131679,0.0,0.0,0.033091407269239426
2607,8.0,0.029824160039424896,0.001692714635282755,0.0,0.0,0.03151687607169151
2608,8.0,0.03986439108848572,0.0028288429602980614,0.0,0.0,0.042693234980106354
2609,8.0,0.04576432332396507,0.003804488806053996,0.0,0.0,0.04956881329417229
2610,8.0,0.05088357627391815,0.005017642863094807,0.0,0.0,0.055901218205690384
2611,8.0,0.03317166119813919,0.002022139262408018,0.0,0.0,0.035193800926208496
2612,8.0,0.03465964272618294,0.0018645233940333128,0.0,0.0,0.03652416542172432
2613,8.0,0.03488999605178833,0.0021101278252899647,0.0,0.0,0.03700012341141701
2614,8.0,0.038383979350328445,0.002737591275945306,0.0,0.0,0.04112157225608826
2615,8.0,0.0362483374774456,0.002421404467895627,0.0,0.0,0.03866974264383316
2616,8.0,0.03669115900993347,0.0025326483882963657,0.0,0.0,0.0392238087952137
2617,8.0,0.034085340797901154,0.001780258840881288,0.0,0.0,0.035865601152181625
2618,8.0,0.03674107417464256,0.0021336826030164957,0.0,0.0,0.038874756544828415
2619,8.0,0.03493911027908325,0.0020135012455284595,0.0,0.0,0.036952611058950424
2620,8.0,0.03225444257259369,0.0017944090068340302,0.0,0.0,0.03404885157942772
2621,8.0,0.035514287650585175,0.002149012638255954,0.0,0.0,0.0376632995903492
2622,8.0,0.03273998200893402,0.002057919977232814,0.0,0.0,0.03479790315032005
2623,8.0,0.03300819918513298,0.0020244766492396593,0.0,0.0,0.03503267467021942
2624,8.0,0.037908706814050674,0.0028420351445674896,0.0,0.0,0.040750741958618164
2625,8.0,0.02982844039797783,0.0015232497826218605,0.0,0.0,0.031351689249277115
2626,8.0,0.03957211971282959,0.003209522692486644,0.0,0.0,0.04278164356946945
2627,8.0,0.032036587595939636,0.0020047826692461967,0.0,0.0,0.03404137119650841
2628,8.0,0.03130069375038147,0.0017601334257051349,0.0,0.0,0.03306082636117935
2629,8.0,0.03248101472854614,0.002028566086664796,0.0,0.0,0.034509580582380295
2630,8.0,0.04041889309883118,0.0032825416419655085,0.0,0.0,0.04370143637061119
2631,8.0,0.027014683932065964,0.0014118157560005784,0.0,0.0,0.028426500037312508
2632,8.0,0.035424329340457916,0.0023658762220293283,0.0,0.0,0.0377902053296566
2633,8.0,0.032341063022613525,0.0018405228620395064,0.0,0.0,0.034181587398052216
2634,8.0,0.036586593836545944,0.0024144628550857306,0.0,0.0,0.03900105506181717
2635,8.0,0.03926347941160202,0.002840174362063408,0.0,0.0,0.04210365563631058
2636,8.0,0.0275829266756773,0.001356705673970282,0.0,0.0,0.028939632698893547
2637,8.0,0.051245175302028656,0.004398484714329243,0.0,0.0,0.055643659085035324
2638,8.0,0.03263898938894272,0.002010396681725979,0.0,0.0,0.03464938700199127
2639,8.0,0.030063459649682045,0.0014021715614944696,0.0,0.0,0.03146563097834587
2640,8.0,0.04594334959983826,0.0037736501544713974,0.0,0.0,0.0497170016169548
2641,8.0,0.030992424115538597,0.0017356832977384329,0.0,0.0,0.032728105783462524
2642,8.0,0.04480786994099617,0.0036732254084199667,0.0,0.0,0.04848109558224678
2643,8.0,0.03328067809343338,0.002063530031591654,0.0,0.0,0.035344209522008896
2644,8.0,0.03466017544269562,0.0021495772525668144,0.0,0.0,0.03680975362658501
2645,8.0,0.032702960073947906,0.0016582547686994076,0.0,0.0,0.03436121344566345
2646,8.0,0.03319746255874634,0.001877778908237815,0.0,0.0,0.03507523983716965
2647,8.0,0.03578988090157509,0.002607547678053379,0.0,0.0,0.03839742764830589
2648,8.0,0.037674680352211,0.0027142150793224573,0.0,0.0,0.04038889706134796
2649,8.0,0.035257525742053986,0.0021419390104711056,0.0,0.0,0.03739946335554123
2650,8.0,0.03318888321518898,0.0018826648592948914,0.0,0.0,0.03507154807448387
2651,8.0,0.03564266115427017,0.0019549487624317408,0.0,0.0,0.03759761154651642
2652,8.0,0.032629821449518204,0.001891103107482195,0.0,0.0,0.03452092409133911
2653,8.0,0.0471029207110405,0.004277864471077919,0.0,0.0,0.05138078331947327
2654,8.0,0.045274000614881516,0.0037010891828686,0.0,0.0,0.04897509142756462
2655,8.0,0.029360689222812653,0.0014628693461418152,0.0,0.0,0.030823558568954468
2656,8.0,0.04407571256160736,0.003604773199185729,0.0,0.0,0.047680485993623734
2657,8.0,0.03319559618830681,0.002022427972406149,0.0,0.0,0.035218022763729095
2658,8.0,0.030503621324896812,0.0015279760118573904,0.0,0.0,0.0320315957069397
2659,8.0,0.031762607395648956,0.0018035992980003357,0.0,0.0,0.03356620669364929
2660,8.0,0.0323820635676384,0.001933688879944384,0.0,0.0,0.03431575372815132
2661,8.0,0.04969436302781105,0.004574107006192207,0.0,0.0,0.05426847189664841
2662,8.0,0.036902233958244324,0.002540276851505041,0.0,0.0,0.0394425094127655
2663,8.0,0.03769031912088394,0.002637364435940981,0.0,0.0,0.040327683091163635
2664,8.0,0.03734591230750084,0.0022354295942932367,0.0,0.0,0.03958134353160858
2665,8.0,0.05208215117454529,0.0047313254326581955,0.0,0.0,0.05681347846984863
2666,8.0,0.03853317350149155,0.0027026741299778223,0.0,0.0,0.041235849261283875
2667,8.0,0.04151161015033722,0.0031139685306698084,0.0,0.0,0.04462558031082153
2668,8.0,0.037381842732429504,0.0024967617355287075,0.0,0.0,0.03987860307097435
2669,8.0,0.04102364182472229,0.0030358622316271067,0.0,0.0,0.04405950382351875
2670,8.0,0.0393749475479126,0.0029744382482022047,0.0,0.0,0.04234938696026802
2671,8.0,0.03510922193527222,0.0021853321231901646,0.0,0.0,0.03729455545544624
2672,8.0,0.03544296696782112,0.0020855918992310762,0.0,0.0,0.03752855956554413
2673,8.0,0.03329271823167801,0.0017455811612308025,0.0,0.0,0.0350382998585701
2674,8.0,0.038136065006256104,0.002678649267181754,0.0,0.0,0.04081471264362335
2675,8.0,0.03563806414604187,0.0025259386748075485,0.0,0.0,0.03816400468349457
2676,8.0,0.03057064116001129,0.0017349730478599668,0.0,0.0,0.03230561316013336
2677,8.0,0.037008851766586304,0.0028014068957418203,0.0,0.0,0.03981025889515877
2678,8.0,0.038378797471523285,0.0030312291346490383,0.0,0.0,0.04141002520918846
2679,8.0,0.09079344570636749,0.011807977221906185,0.0,0.0,0.10260142385959625
2680,8.0,0.03172461315989494,0.0018639257177710533,0.0,0.0,0.03358853980898857
2681,8.0,0.06240731477737427,0.006326123606413603,0.0,0.0,0.06873343884944916
2682,8.0,0.03607314079999924,0.001950119505636394,0.0,0.0,0.03802325949072838
2683,8.0,0.041349031031131744,0.0029879689682275057,0.0,0.0,0.04433700069785118
2684,8.0,0.0478266105055809,0.00445298757404089,0.0,0.0,0.052279599010944366
2685,8.0,0.04126366227865219,0.0031021798495203257,0.0,0.0,0.04436584189534187
2686,8.0,0.04571676626801491,0.003697745967656374,0.0,0.0,0.049414511770009995
2687,8.0,0.03765515238046646,0.0023765438236296177,0.0,0.0,0.04003169760107994
2688,8.0,0.040193941444158554,0.0029570891056209803,0.0,0.0,0.04315103217959404
2689,8.0,0.04218260571360588,0.0030348370783030987,0.0,0.0,0.04521744325757027
2690,8.0,0.035745587199926376,0.002253234386444092,0.0,0.0,0.03799882158637047
2691,9.0,0.037748582661151886,0.0025848920922726393,0.0,0.0,0.040333475917577744
2692,9.0,0.042059965431690216,0.002718026051297784,0.0,0.0,0.044777993112802505
2693,9.0,0.04275117442011833,0.0026834276504814625,0.0,0.0,0.04543460160493851
2694,9.0,0.04031557962298393,0.0026460718363523483,0.0,0.0,0.04296164959669113
2695,9.0,0.038459524512290955,0.0022908521350473166,0.0,0.0,0.040750376880168915
2696,9.0,0.03767711669206619,0.0025551081635057926,0.0,0.0,0.04023222625255585
2697,9.0,0.03483472019433975,0.001965620554983616,0.0,0.0,0.03680033981800079
2698,9.0,0.04471064358949661,0.00339556485414505,0.0,0.0,0.04810620844364166
2699,9.0,0.032076239585876465,0.0019477022578939795,0.0,0.0,0.034023940563201904
2700,9.0,0.03242914378643036,0.0018386256415396929,0.0,0.0,0.034267768263816833
2701,9.0,0.028895962983369827,0.0014315013540908694,0.0,0.0,0.030327463522553444
2702,9.0,0.029868710786104202,0.0015349588356912136,0.0,0.0,0.031403668224811554
2703,9.0,0.02942105568945408,0.0016332368832081556,0.0,0.0,0.031054291874170303
2704,9.0,0.032234128564596176,0.0018950491212308407,0.0,0.0,0.034129176288843155
2705,9.0,0.09533364325761795,0.01268680114299059,0.0,0.0,0.10802044719457626
2706,9.0,0.0324290432035923,0.001676107756793499,0.0,0.0,0.034105151891708374
2707,9.0,0.029220454394817352,0.0015982440672814846,0.0,0.0,0.030818698927760124
2708,9.0,0.04208162799477577,0.0030976179987192154,0.0,0.0,0.04517924785614014
2709,9.0,0.051054447889328,0.004459817428141832,0.0,0.0,0.05551426485180855
2710,9.0,0.03994535654783249,0.003176748286932707,0.0,0.0,0.04312210530042648
2711,9.0,0.03350837528705597,0.0020746781956404448,0.0,0.0,0.03558305278420448
2712,9.0,0.032328050583601,0.001723483670502901,0.0,0.0,0.03405153378844261
2713,9.0,0.05139647424221039,0.0045036692172288895,0.0,0.0,0.05590014159679413
2714,9.0,0.04140232503414154,0.0033063446171581745,0.0,0.0,0.04470866918563843
2715,9.0,0.04653105139732361,0.003824016312137246,0.0,0.0,0.05035506933927536
2716,9.0,0.0396655797958374,0.0024315263144671917,0.0,0.0,0.04209710657596588
2717,9.0,0.04006701707839966,0.002650355687364936,0.0,0.0,0.04271737113595009
2718,9.0,0.041396114975214005,0.002399762626737356,0.0,0.0,0.0437958762049675
2719,9.0,0.04121343418955803,0.0025922665372490883,0.0,0.0,0.04380569979548454
2720,9.0,0.04216799885034561,0.0026905075646936893,0.0,0.0,0.04485850781202316
2721,9.0,0.04130493104457855,0.0029732852708548307,0.0,0.0,0.04427821561694145
2722,9.0,0.03760972619056702,0.002430600579828024,0.0,0.0,0.04004032537341118
2723,9.0,0.033680509775877,0.0018104875925928354,0.0,0.0,0.03549099713563919
2724,9.0,0.031691815704107285,0.0018069925718009472,0.0,0.0,0.03349880874156952
2725,9.0,0.03851994872093201,0.0029430706053972244,0.0,0.0,0.04146301746368408
2726,9.0,0.03923801705241203,0.003150749020278454,0.0,0.0,0.04238876700401306
2727,9.0,0.05661686137318611,0.005539168603718281,0.0,0.0,0.06215602904558182
2728,9.0,0.032638467848300934,0.0021603251807391644,0.0,0.0,0.034798793494701385
2729,9.0,0.03156622499227524,0.001832080539315939,0.0,0.0,0.033398304134607315
2730,9.0,0.06965291500091553,0.007615991868078709,0.0,0.0,0.07726890593767166
2731,9.0,0.03284008800983429,0.002139493590220809,0.0,0.0,0.03497958183288574
2732,9.0,0.04537518322467804,0.0035569360479712486,0.0,0.0,0.04893212020397186
2733,9.0,0.0346994549036026,0.002259565982967615,0.0,0.0,0.03695902228355408
2734,9.0,0.037232905626297,0.002859506756067276,0.0,0.0,0.04009241238236427
2735,9.0,0.03465341031551361,0.001955287531018257,0.0,0.0,0.03660869598388672
2736,9.0,0.03611432760953903,0.002202704083174467,0.0,0.0,0.038317032158374786
2737,9.0,0.03309587016701698,0.0017144945450127125,0.0,0.0,0.03481036424636841
2738,9.0,0.04404931142926216,0.0033942123409360647,0.0,0.0,0.04744352400302887
2739,9.0,0.03986039012670517,0.0031555229797959328,0.0,0.0,0.04301591217517853
2740,9.0,0.037883199751377106,0.0020254135597497225,0.0,0.0,0.03990861400961876
2741,9.0,0.040467508137226105,0.0028442302718758583,0.0,0.0,0.04331173747777939
2742,9.0,0.033159658312797546,0.002017073333263397,0.0,0.0,0.035176731646060944
2743,9.0,0.03910019248723984,0.0031746490858495235,0.0,0.0,0.0422748401761055
2744,9.0,0.03890824317932129,0.0027728574350476265,0.0,0.0,0.04168109968304634
2745,9.0,0.032859500497579575,0.0017059620004147291,0.0,0.0,0.03456546366214752
2746,9.0,0.03576669469475746,0.002389163477346301,0.0,0.0,0.03815585747361183
2747,9.0,0.03993064910173416,0.00253569264896214,0.0,0.0,0.04246634244918823
2748,9.0,0.040442321449518204,0.003396059852093458,0.0,0.0,0.04383838176727295
2749,9.0,0.031366560608148575,0.001789251808077097,0.0,0.0,0.033155813813209534
2750,9.0,0.036145903170108795,0.002771326806396246,0.0,0.0,0.03891722857952118
2751,9.0,0.05792184919118881,0.0058801183477044106,0.0,0.0,0.06380196660757065
2752,9.0,0.028210271149873734,0.0013546195114031434,0.0,0.0,0.029564891010522842
2753,9.0,0.05790938436985016,0.00561568234115839,0.0,0.0,0.06352506577968597
2754,9.0,0.04070616513490677,0.003277502255514264,0.0,0.0,0.043983668088912964
2755,9.0,0.03772304579615593,0.0026463884860277176,0.0,0.0,0.040369436144828796
2756,9.0,0.03873781859874725,0.003038304392248392,0.0,0.0,0.04177612438797951
2757,9.0,0.05952601134777069,0.005672469735145569,0.0,0.0,0.06519848108291626
2758,9.0,0.03651566803455353,0.002502252347767353,0.0,0.0,0.039017919450998306
2759,9.0,0.03927597776055336,0.0026725665666162968,0.0,0.0,0.04194854572415352
2760,9.0,0.036463599652051926,0.0020877490751445293,0.0,0.0,0.03855134919285774
2761,9.0,0.04243514686822891,0.0026960899122059345,0.0,0.0,0.04513123631477356
2762,9.0,0.03865053132176399,0.0023911502212285995,0.0,0.0,0.04104167968034744
2763,9.0,0.046339090913534164,0.003955497406423092,0.0,0.0,0.05029458925127983
2764,9.0,0.04580466076731682,0.003723622765392065,0.0,0.0,0.04952828213572502
2765,9.0,0.0440078042447567,0.003289572661742568,0.0,0.0,0.04729737713932991
2766,9.0,0.04112040996551514,0.002460760995745659,0.0,0.0,0.043581172823905945
2767,9.0,0.041928719729185104,0.002987715182825923,0.0,0.0,0.044916436076164246
2768,9.0,0.037406228482723236,0.0025830543600022793,0.0,0.0,0.03998928144574165
2769,9.0,0.036895349621772766,0.0026471165474504232,0.0,0.0,0.03954246640205383
2770,9.0,0.03652165085077286,0.0022583759855479,0.0,0.0,0.03878002613782883
2771,9.0,0.03430763632059097,0.0018408375326544046,0.0,0.0,0.036148473620414734
2772,9.0,0.03725654259324074,0.0025494368746876717,0.0,0.0,0.039805978536605835
2773,9.0,0.03703963756561279,0.0027175922878086567,0.0,0.0,0.03975722938776016
2774,9.0,0.034818343818187714,0.0022334251552820206,0.0,0.0,0.037051767110824585
2775,9.0,0.03480915725231171,0.002244245260953903,0.0,0.0,0.03705340251326561
2776,9.0,0.033840812742710114,0.002050428418442607,0.0,0.0,0.03589124232530594
2777,9.0,0.031066175550222397,0.0016535038594156504,0.0,0.0,0.032719679176807404
2778,9.0,0.034840214997529984,0.0020491122268140316,0.0,0.0,0.03688932582736015
2779,9.0,0.03269553929567337,0.001961612841114402,0.0,0.0,0.03465715050697327
2780,9.0,0.08592221885919571,0.0107940174639225,0.0,0.0,0.09671624004840851
2781,9.0,0.03865348920226097,0.0031045377254486084,0.0,0.0,0.04175802692770958
2782,9.0,0.027700114995241165,0.0013677023816853762,0.0,0.0,0.029067818075418472
2783,9.0,0.03950439393520355,0.003075594315305352,0.0,0.0,0.04257998988032341
2784,9.0,0.060077961534261703,0.005622989032417536,0.0,0.0,0.0657009482383728
2785,9.0,0.037037018686532974,0.0027287770062685013,0.0,0.0,0.039765797555446625
2786,9.0,0.03735213726758957,0.002669667825102806,0.0,0.0,0.040021806955337524
2787,9.0,0.03297664225101471,0.0018929122015833855,0.0,0.0,0.03486955538392067
2788,9.0,0.037802573293447495,0.0026794630102813244,0.0,0.0,0.040482036769390106
2789,9.0,0.03519589826464653,0.002178709488362074,0.0,0.0,0.03737460821866989
2790,9.0,0.036137644201517105,0.0022655311040580273,0.0,0.0,0.03840317577123642
2791,9.0,0.0373864583671093,0.0022549363784492016,0.0,0.0,0.03964139521121979
2792,9.0,0.03740941360592842,0.0026228241622447968,0.0,0.0,0.04003223776817322
2793,9.0,0.037370987236499786,0.002720749704167247,0.0,0.0,0.04009173810482025
2794,9.0,0.03818235173821449,0.002808795776218176,0.0,0.0,0.04099114611744881
2795,9.0,0.031002342700958252,0.0017329574329778552,0.0,0.0,0.032735299319028854
2796,9.0,0.03720035403966904,0.0023773617576807737,0.0,0.0,0.03957771509885788
2797,9.0,0.04389682412147522,0.003478813450783491,0.0,0.0,0.04737563803792
2798,9.0,0.05967482179403305,0.005614899564534426,0.0,0.0,0.06528972089290619
2799,9.0,0.03576892241835594,0.0024936769623309374,0.0,0.0,0.03826259821653366
2800,9.0,0.03696355223655701,0.0028065242804586887,0.0,0.0,0.03977007791399956
2801,9.0,0.037262484431266785,0.002730444073677063,0.0,0.0,0.03999292850494385
2802,9.0,0.04170826077461243,0.0034396660048514605,0.0,0.0,0.04514792561531067
2803,9.0,0.03710769861936569,0.0026100375689566135,0.0,0.0,0.03971773758530617
2804,9.0,0.037910498678684235,0.0023361118510365486,0.0,0.0,0.04024660959839821
2805,9.0,0.03882034122943878,0.00272349757142365,0.0,0.0,0.04154383763670921
2806,9.0,0.03500603884458542,0.0019201880786567926,0.0,0.0,0.03692622855305672
2807,9.0,0.04146459698677063,0.0030753694009035826,0.0,0.0,0.04453996568918228
2808,9.0,0.038574814796447754,0.0027508314233273268,0.0,0.0,0.0413256473839283
2809,9.0,0.055898621678352356,0.005241012200713158,0.0,0.0,0.06113963574171066
2810,9.0,0.03562675416469574,0.0023058862425386906,0.0,0.0,0.03793264180421829
2811,9.0,0.03424981236457825,0.0018360518151894212,0.0,0.0,0.036085862666368484
2812,9.0,0.042910050600767136,0.0030825617723166943,0.0,0.0,0.04599261283874512
2813,9.0,0.041687458753585815,0.0029977906960994005,0.0,0.0,0.044685248285532
2814,9.0,0.03352682664990425,0.0019125147955492139,0.0,0.0,0.03543934226036072
2815,9.0,0.03862949460744858,0.0027248351834714413,0.0,0.0,0.04135432839393616
2816,9.0,0.04058817774057388,0.0033563217148184776,0.0,0.0,0.043944500386714935
2817,9.0,0.03654564544558525,0.0027133128605782986,0.0,0.0,0.03925895690917969
2818,9.0,0.034453749656677246,0.0021773080807179213,0.0,0.0,0.036631058901548386
2819,9.0,0.04767856374382973,0.004206142388284206,0.0,0.0,0.05188470706343651
2820,9.0,0.031238175928592682,0.0017196201952174306,0.0,0.0,0.03295779600739479
2821,9.0,0.04384873807430267,0.003420139430090785,0.0,0.0,0.04726887866854668
2822,9.0,0.030954182147979736,0.0017430398147553205,0.0,0.0,0.032697223126888275
2823,9.0,0.0334981270134449,0.0020754700526595116,0.0,0.0,0.03557359799742699
2824,9.0,0.06404909491539001,0.0066695380955934525,0.0,0.0,0.07071863114833832
2825,9.0,0.031736310571432114,0.0018629084806889296,0.0,0.0,0.03359922021627426
2826,9.0,0.04493487626314163,0.0036667673848569393,0.0,0.0,0.04860164225101471
2827,9.0,0.056230317801237106,0.00524753425270319,0.0,0.0,0.06147785112261772
2828,9.0,0.03766923397779465,0.002776063745841384,0.0,0.0,0.040445297956466675
2829,9.0,0.04857547953724861,0.004474538844078779,0.0,0.0,0.05305001884698868
2830,9.0,0.044627778232097626,0.0029163986910134554,0.0,0.0,0.04754417762160301
2831,9.0,0.04137849435210228,0.0025162401143461466,0.0,0.0,0.04389473423361778
2832,9.0,0.04290059581398964,0.0026011010631918907,0.0,0.0,0.045501697808504105
2833,9.0,0.04383375123143196,0.0028996490873396397,0.0,0.0,0.04673340171575546
2834,9.0,0.04424896836280823,0.0032873002346605062,0.0,0.0,0.04753626883029938
2835,9.0,0.03991285711526871,0.002881355583667755,0.0,0.0,0.04279421269893646
2836,9.0,0.044298917055130005,0.0033217885065823793,0.0,0.0,0.047620706260204315
2837,9.0,0.035281702876091,0.002161075361073017,0.0,0.0,0.037442777305841446
2838,9.0,0.04063085839152336,0.0033378014340996742,0.0,0.0,0.04396865889430046
2839,9.0,0.03967229276895523,0.002317858627066016,0.0,0.0,0.04199014976620674
2840,9.0,0.03487920016050339,0.0021243407391011715,0.0,0.0,0.0370035395026207
2841,9.0,0.04045795649290085,0.0030204253271222115,0.0,0.0,0.043478380888700485
2842,9.0,0.050758302211761475,0.004869046621024609,0.0,0.0,0.05562734976410866
2843,9.0,0.03449389711022377,0.0022174883633852005,0.0,0.0,0.03671138733625412
2844,9.0,0.03550522029399872,0.0024438099935650826,0.0,0.0,0.037949029356241226
2845,9.0,0.03373073786497116,0.0020076690707355738,0.0,0.0,0.03573840856552124
2846,9.0,0.049016501754522324,0.003956742584705353,0.0,0.0,0.052973244339227676
2847,9.0,0.03384893760085106,0.002061808481812477,0.0,0.0,0.035910747945308685
2848,9.0,0.0379725843667984,0.0028182053938508034,0.0,0.0,0.04079078882932663
2849,9.0,0.032558344304561615,0.0018747866852208972,0.0,0.0,0.03443313017487526
2850,9.0,0.03533419966697693,0.00231080106459558,0.0,0.0,0.03764500096440315
2851,9.0,0.034957073628902435,0.0018983830232173204,0.0,0.0,0.03685545548796654
2852,9.0,0.034940190613269806,0.002397990319877863,0.0,0.0,0.03733818233013153
2853,9.0,0.0384601354598999,0.0026819186750799417,0.0,0.0,0.0411420539021492
2854,9.0,0.03541233018040657,0.002344574313610792,0.0,0.0,0.03775690495967865
2855,9.0,0.034126438200473785,0.002075218828395009,0.0,0.0,0.036201655864715576
2856,9.0,0.03044700250029564,0.001720646396279335,0.0,0.0,0.03216765075922012
2857,9.0,0.03298933058977127,0.00198689429089427,0.0,0.0,0.03497622534632683
2858,9.0,0.029553402215242386,0.0016205636784434319,0.0,0.0,0.031173966825008392
2859,9.0,0.032138463109731674,0.0019425807986408472,0.0,0.0,0.03408104553818703
2860,9.0,0.03432296961545944,0.002085347194224596,0.0,0.0,0.03640831634402275
2861,9.0,0.0633644312620163,0.006223698146641254,0.0,0.0,0.06958813220262527
2862,9.0,0.029725227504968643,0.0014786688843742013,0.0,0.0,0.031203895807266235
2863,9.0,0.030849695205688477,0.001592346583493054,0.0,0.0,0.032442040741443634
2864,9.0,0.03430118039250374,0.0022472254931926727,0.0,0.0,0.03654840588569641
2865,9.0,0.03283906728029251,0.001986120827496052,0.0,0.0,0.03482518717646599
2866,9.0,0.03262397646903992,0.0019455025903880596,0.0,0.0,0.034569479525089264
2867,9.0,0.04350815340876579,0.0033086249604821205,0.0,0.0,0.04681677743792534
2868,9.0,0.035405710339546204,0.0024563230108469725,0.0,0.0,0.037862032651901245
2869,9.0,0.03309188038110733,0.0021279207430779934,0.0,0.0,0.03521979972720146
2870,9.0,0.05420719087123871,0.005065508186817169,0.0,0.0,0.05927269905805588
2871,9.0,0.03258408233523369,0.0017990003107115626,0.0,0.0,0.034383080899715424
2872,9.0,0.039669767022132874,0.002447177190333605,0.0,0.0,0.04211694374680519
2873,9.0,0.033585332334041595,0.0019682173151522875,0.0,0.0,0.035553548485040665
2874,9.0,0.03668215870857239,0.002233842620626092,0.0,0.0,0.038916002959012985
2875,9.0,0.036822766065597534,0.0026204949244856834,0.0,0.0,0.03944326192140579
2876,9.0,0.03782990574836731,0.0028486798983067274,0.0,0.0,0.040678586810827255
2877,9.0,0.029684053733944893,0.001585827674716711,0.0,0.0,0.03126988187432289
2878,9.0,0.0425090491771698,0.0037311117630451918,0.0,0.0,0.04624016210436821
2879,9.0,0.06676182150840759,0.007156736217439175,0.0,0.0,0.07391855865716934
2880,9.0,0.03328123316168785,0.0018379101529717445,0.0,0.0,0.03511914238333702
2881,9.0,0.03581412136554718,0.0026559047400951385,0.0,0.0,0.03847002610564232
2882,9.0,0.03086204081773758,0.0015828654868528247,0.0,0.0,0.03244490548968315
2883,9.0,0.04015862196683884,0.0030404082499444485,0.0,0.0,0.04319902881979942
2884,9.0,0.03407453000545502,0.0020917407236993313,0.0,0.0,0.036166269332170486
2885,9.0,0.03117162361741066,0.0017445613630115986,0.0,0.0,0.03291618451476097
2886,9.0,0.03703470528125763,0.002794829895719886,0.0,0.0,0.03982953354716301
2887,9.0,0.036370933055877686,0.0026022926904261112,0.0,0.0,0.03897322714328766
2888,9.0,0.042101435363292694,0.003073973348364234,0.0,0.0,0.04517540708184242
2889,9.0,0.032528892159461975,0.0019462548661977053,0.0,0.0,0.03447514772415161
2890,9.0,0.049387603998184204,0.004299849271774292,0.0,0.0,0.053687453269958496
2891,9.0,0.03584796562790871,0.0026369034312665462,0.0,0.0,0.03848486766219139
2892,9.0,0.032358407974243164,0.0016450373223051429,0.0,0.0,0.03400344401597977
2893,9.0,0.035239167511463165,0.0021030879579484463,0.0,0.0,0.03734225407242775
2894,9.0,0.04736414551734924,0.004121427424252033,0.0,0.0,0.0514855720102787
2895,9.0,0.03739147633314133,0.0025529488921165466,0.0,0.0,0.039944425225257874
2896,9.0,0.04025968164205551,0.0028668700251728296,0.0,0.0,0.04312655329704285
2897,9.0,0.04069563001394272,0.002596454229205847,0.0,0.0,0.0432920828461647
2898,9.0,0.035601355135440826,0.0022312188521027565,0.0,0.0,0.03783257305622101
2899,9.0,0.034590646624565125,0.0020974595099687576,0.0,0.0,0.03668810427188873
2900,9.0,0.049487240612506866,0.004433665424585342,0.0,0.0,0.05392090603709221
2901,9.0,0.03417186439037323,0.0022281422279775143,0.0,0.0,0.03640000522136688
2902,9.0,0.034868866205215454,0.0021268234122544527,0.0,0.0,0.03699569031596184
2903,9.0,0.03145258501172066,0.0018507067579776049,0.0,0.0,0.033303290605545044
2904,9.0,0.033973924815654755,0.0018081329762935638,0.0,0.0,0.03578205779194832
2905,9.0,0.033865511417388916,0.0020036392379552126,0.0,0.0,0.03586915135383606
2906,9.0,0.06612598896026611,0.006805381737649441,0.0,0.0,0.07293137162923813
2907,9.0,0.030889326706528664,0.0016863278578966856,0.0,0.0,0.03257565572857857
2908,9.0,0.029240481555461884,0.0014629217330366373,0.0,0.0,0.030703403055667877
2909,9.0,0.03919386863708496,0.002888528862968087,0.0,0.0,0.042082399129867554
2910,9.0,0.03534938022494316,0.0021792883053421974,0.0,0.0,0.037528667598962784
2911,9.0,0.035143330693244934,0.0022492092102766037,0.0,0.0,0.03739254176616669
2912,9.0,0.03271213918924332,0.0019285499583929777,0.0,0.0,0.03464068844914436
2913,9.0,0.03569202125072479,0.0019927509129047394,0.0,0.0,0.03768477216362953
2914,9.0,0.03519371524453163,0.002193344058468938,0.0,0.0,0.03738705813884735
2915,9.0,0.03196075186133385,0.001818750984966755,0.0,0.0,0.03377950191497803
2916,9.0,0.03184603899717331,0.0018246432300657034,0.0,0.0,0.033670682460069656
2917,9.0,0.032747939229011536,0.002020918531343341,0.0,0.0,0.034768857061862946
2918,9.0,0.033353812992572784,0.002013211138546467,0.0,0.0,0.03536702319979668
2919,9.0,0.031836800277233124,0.001883440650999546,0.0,0.0,0.033720239996910095
2920,9.0,0.03337419778108597,0.0020826999098062515,0.0,0.0,0.03545689582824707
2921,9.0,0.031165331602096558,0.0017859714571386576,0.0,0.0,0.03295130282640457
2922,9.0,0.03196719288825989,0.0018749311566352844,0.0,0.0,0.03384212404489517
2923,9.0,0.03533897548913956,0.0023518113885074854,0.0,0.0,0.03769078850746155
2924,9.0,0.037843454629182816,0.0028490102849900723,0.0,0.0,0.040692463517189026
2925,9.0,0.03413383662700653,0.0021310565061867237,0.0,0.0,0.03626489266753197
2926,9.0,0.03094828873872757,0.001913945423439145,0.0,0.0,0.032862234860658646
2927,9.0,0.03726598992943764,0.0028241106774657965,0.0,0.0,0.04009009897708893
2928,9.0,0.06212528422474861,0.006068924441933632,0.0,0.0,0.06819421052932739
2929,9.0,0.040752485394477844,0.0030006947927176952,0.0,0.0,0.04375318065285683
2930,9.0,0.03218904137611389,0.0018829707987606525,0.0,0.0,0.03407201170921326
2931,9.0,0.03546416014432907,0.0024535779375582933,0.0,0.0,0.037917736917734146
2932,9.0,0.054225146770477295,0.004750844556838274,0.0,0.0,0.05897599086165428
2933,9.0,0.03573831915855408,0.002149108564481139,0.0,0.0,0.03788742795586586
2934,9.0,0.03504940867424011,0.0021760081872344017,0.0,0.0,0.03722541779279709
2935,9.0,0.03874240815639496,0.002435329370200634,0.0,0.0,0.04117773845791817
2936,9.0,0.036649804562330246,0.00239410437643528,0.0,0.0,0.039043910801410675
2937,9.0,0.043216682970523834,0.00277997856028378,0.0,0.0,0.045996662229299545
2938,9.0,0.03733879327774048,0.0024758228100836277,0.0,0.0,0.03981461748480797
2939,9.0,0.04197970777750015,0.0025715716183185577,0.0,0.0,0.04455127939581871
2940,9.0,0.03715749457478523,0.002683441387489438,0.0,0.0,0.0398409366607666
2941,9.0,0.03763222694396973,0.002386321546509862,0.0,0.0,0.04001854732632637
2942,9.0,0.05991002172231674,0.006214400753378868,0.0,0.0,0.06612442433834076
2943,9.0,0.03625444322824478,0.0020787387620657682,0.0,0.0,0.03833318129181862
2944,9.0,0.03692319989204407,0.00204829522408545,0.0,0.0,0.038971494883298874
2945,9.0,0.03260286897420883,0.001692163641564548,0.0,0.0,0.034295033663511276
2946,9.0,0.0335843525826931,0.0020083575509488583,0.0,0.0,0.035592708736658096
2947,9.0,0.03866691142320633,0.0029033394530415535,0.0,0.0,0.04157024994492531
2948,9.0,0.03172233700752258,0.0017912068869918585,0.0,0.0,0.033513542264699936
2949,9.0,0.04501965641975403,0.0036657603923231363,0.0,0.0,0.04868541657924652
2950,9.0,0.048597466200590134,0.003941293805837631,0.0,0.0,0.052538760006427765
2951,9.0,0.03272330015897751,0.001781701110303402,0.0,0.0,0.034505002200603485
2952,9.0,0.03926548734307289,0.003100922331213951,0.0,0.0,0.04236640781164169
2953,9.0,0.05440746992826462,0.005217025987803936,0.0,0.0,0.05962449684739113
2954,9.0,0.041550345718860626,0.003090124111622572,0.0,0.0,0.044640470296144485
2955,9.0,0.03206033632159233,0.0016925407107919455,0.0,0.0,0.03375287726521492
2956,9.0,0.03439231961965561,0.0019144542748108506,0.0,0.0,0.036306772381067276
2957,9.0,0.0331927165389061,0.002051384188234806,0.0,0.0,0.03524409979581833
2958,9.0,0.03662760555744171,0.0026665281038731337,0.0,0.0,0.03929413482546806
2959,9.0,0.035201914608478546,0.0021999324671924114,0.0,0.0,0.037401847541332245
2960,9.0,0.036900006234645844,0.0021208403632044792,0.0,0.0,0.0390208475291729
2961,9.0,0.032832179218530655,0.0016093289013952017,0.0,0.0,0.0344415083527565
2962,9.0,0.04011634737253189,0.003126948606222868,0.0,0.0,0.043243296444416046
2963,9.0,0.03193936496973038,0.0018061064183712006,0.0,0.0,0.03374547138810158
2964,9.0,0.03140069171786308,0.0019350905204191804,0.0,0.0,0.03333578258752823
2965,9.0,0.057342831045389175,0.006062064785510302,0.0,0.0,0.06340489536523819
2966,9.0,0.03711060434579849,0.0027585290372371674,0.0,0.0,0.03986913338303566
2967,9.0,0.02950499765574932,0.001627626596018672,0.0,0.0,0.031132623553276062
2968,9.0,0.02853287197649479,0.0014818062772974372,0.0,0.0,0.030014678835868835
2969,9.0,0.06025213748216629,0.006322470493614674,0.0,0.0,0.06657461076974869
2970,9.0,0.029985133558511734,0.0016577155329287052,0.0,0.0,0.0316428504884243
2971,9.0,0.03037622943520546,0.0016933790175244212,0.0,0.0,0.0320696085691452
2972,9.0,0.04299897328019142,0.0034661702811717987,0.0,0.0,0.04646514356136322
2973,9.0,0.03931090980768204,0.0032866662368178368,0.0,0.0,0.04259757697582245
2974,9.0,0.039183132350444794,0.0029055848717689514,0.0,0.0,0.042088717222213745
2975,9.0,0.03449101746082306,0.001871156389825046,0.0,0.0,0.036362174898386
2976,9.0,0.04378930479288101,0.003831887152045965,0.0,0.0,0.047621190547943115
2977,9.0,0.04520173370838165,0.004010483622550964,0.0,0.0,0.04921221733093262
2978,9.0,0.039341896772384644,0.002761157462373376,0.0,0.0,0.042103055864572525
2979,9.0,0.03888971358537674,0.0022579492069780827,0.0,0.0,0.041147664189338684
2980,9.0,0.03845081105828285,0.0027243285439908504,0.0,0.0,0.04117513820528984
2981,9.0,0.034233950078487396,0.0020540079567581415,0.0,0.0,0.03628795966506004
2982,9.0,0.04498685151338577,0.0036262248177081347,0.0,0.0,0.04861307516694069
2983,9.0,0.041553325951099396,0.003105641808360815,0.0,0.0,0.04465896636247635
2984,9.0,0.03769812732934952,0.0022753437515348196,0.0,0.0,0.03997347131371498
2985,9.0,0.041332729160785675,0.0024792670737951994,0.0,0.0,0.043811995536088943
2986,9.0,0.038144148886203766,0.002377933356910944,0.0,0.0,0.04052208364009857
2987,9.0,0.03851872682571411,0.002358419820666313,0.0,0.0,0.040877148509025574
2988,9.0,0.033804479986429214,0.0020149790216237307,0.0,0.0,0.035819459706544876
2989,9.0,0.03369927406311035,0.0021643457002937794,0.0,0.0,0.035863619297742844
2990,10.0,0.037567414343357086,0.002766731195151806,0.0,0.0,0.04033414646983147
2991,10.0,0.029702426865696907,0.0015058498829603195,0.0,0.0,0.031208276748657227
2992,10.0,0.03199770301580429,0.0020591523498296738,0.0,0.0,0.034056857228279114
2993,10.0,0.03287093713879585,0.002029005205258727,0.0,0.0,0.03489994257688522
2994,10.0,0.027441244572401047,0.0013347661588340998,0.0,0.0,0.028776010498404503
2995,10.0,0.02869030460715294,0.0014723921194672585,0.0,0.0,0.030162695795297623
2996,10.0,0.029867732897400856,0.0016889073885977268,0.0,0.0,0.031556639820337296
2997,10.0,0.030248410999774933,0.0018073114333674312,0.0,0.0,0.03205572068691254
2998,10.0,0.030596883967518806,0.0016999756917357445,0.0,0.0,0.032296858727931976
2999,10.0,0.05816498026251793,0.005275426432490349,0.0,0.0,0.06344040483236313
3000,10.0,0.1138269230723381,0.0167365912348032,0.0,0.0,0.13056351244449615
3001,10.0,0.10334992408752441,0.014371490105986595,0.0,0.0,0.11772141605615616
3002,10.0,0.048216938972473145,0.004046265035867691,0.0,0.0,0.052263204008340836
3003,10.0,0.03526412323117256,0.0024674050509929657,0.0,0.0,0.03773152828216553
3004,10.0,0.03621073067188263,0.002355495234951377,0.0,0.0,0.0385662242770195
3005,10.0,0.038269348442554474,0.0025398004800081253,0.0,0.0,0.04080914705991745
3006,10.0,0.04457087814807892,0.003485345281660557,0.0,0.0,0.0480562224984169
3007,10.0,0.046240709722042084,0.0031203627586364746,0.0,0.0,0.04936107248067856
3008,10.0,0.05335678160190582,0.0037082163617014885,0.0,0.0,0.057064998894929886
3009,10.0,0.03905094042420387,0.0025408249348402023,0.0,0.0,0.041591763496398926
3010,10.0,0.05290333181619644,0.0038108136504888535,0.0,0.0,0.056714147329330444
3011,10.0,0.05173802375793457,0.003704944858327508,0.0,0.0,0.055442970246076584
3012,10.0,0.04566742107272148,0.003519049845635891,0.0,0.0,0.04918647184967995
3013,10.0,0.042656466364860535,0.003268536413088441,0.0,0.0,0.04592500254511833
3014,10.0,0.04414750635623932,0.002803341019898653,0.0,0.0,0.046950846910476685
3015,10.0,0.04057139903306961,0.0024736188352108,0.0,0.0,0.04304501786828041
3016,10.0,0.03580784425139427,0.0021130188833922148,0.0,0.0,0.037920862436294556
3017,10.0,0.04755902290344238,0.003884242381900549,0.0,0.0,0.05144326388835907
3018,10.0,0.03640737384557724,0.0024983955081552267,0.0,0.0,0.03890576958656311
3019,10.0,0.04231817275285721,0.0031548631377518177,0.0,0.0,0.04547303542494774
3020,10.0,0.03227120637893677,0.0019056941382586956,0.0,0.0,0.03417690098285675
3021,10.0,0.03376493602991104,0.0020866263657808304,0.0,0.0,0.03585156053304672
3022,10.0,0.05764956772327423,0.005161303095519543,0.0,0.0,0.06281086802482605
3023,10.0,0.03272593393921852,0.002019922249019146,0.0,0.0,0.03474585711956024
3024,10.0,0.03440018370747566,0.0022341860458254814,0.0,0.0,0.03663437068462372
3025,10.0,0.038523055613040924,0.003010099520906806,0.0,0.0,0.041533153504133224
3026,10.0,0.03762974962592125,0.0028870925307273865,0.0,0.0,0.040516842156648636
3027,10.0,0.03734865412116051,0.002809147583320737,0.0,0.0,0.040157802402973175
3028,10.0,0.032816044986248016,0.0019922680221498013,0.0,0.0,0.034808311611413956
3029,10.0,0.047241613268852234,0.004435108508914709,0.0,0.0,0.05167672038078308
3030,10.0,0.034457139670848846,0.0022218958474695683,0.0,0.0,0.03667903691530228
3031,10.0,0.048390552401542664,0.004049399401992559,0.0,0.0,0.05243995040655136
3032,10.0,0.04096865653991699,0.003209443995729089,0.0,0.0,0.04417810216546059
3033,10.0,0.036336466670036316,0.002178899012506008,0.0,0.0,0.0385153666138649
3034,10.0,0.03560841083526611,0.0019260005792602897,0.0,0.0,0.03753441199660301
3035,10.0,0.037522315979003906,0.0023206830956041813,0.0,0.0,0.03984300047159195
3036,10.0,0.03714381903409958,0.0025721099227666855,0.0,0.0,0.039715930819511414
3037,10.0,0.0341748408973217,0.001958545297384262,0.0,0.0,0.03613338619470596
3038,10.0,0.04343800991773605,0.003403285052627325,0.0,0.0,0.04684129357337952
3039,10.0,0.03761298581957817,0.0026110950857400894,0.0,0.0,0.04022408276796341
3040,10.0,0.03667289391160011,0.0021721788216382265,0.0,0.0,0.03884507343173027
3041,10.0,0.036452122032642365,0.002194447908550501,0.0,0.0,0.03864657133817673
3042,10.0,0.033360257744789124,0.001818935270421207,0.0,0.0,0.03517919406294823
3043,10.0,0.03604795038700104,0.002474708715453744,0.0,0.0,0.03852266073226929
3044,10.0,0.033031970262527466,0.0019446790684014559,0.0,0.0,0.03497665002942085
3045,10.0,0.03064245916903019,0.0015860138228163123,0.0,0.0,0.03222847357392311
3046,10.0,0.03418035805225372,0.002133841160684824,0.0,0.0,0.03631420060992241
3047,10.0,0.029645994305610657,0.001637296169064939,0.0,0.0,0.031283289194107056
3048,10.0,0.04088101163506508,0.003187559312209487,0.0,0.0,0.04406857118010521
3049,10.0,0.04562555253505707,0.003555022645741701,0.0,0.0,0.04918057471513748
3050,10.0,0.04292810708284378,0.0031694723293185234,0.0,0.0,0.04609758034348488
3051,10.0,0.07552909106016159,0.008423112332820892,0.0,0.0,0.08395220339298248
3052,10.0,0.036464862525463104,0.002724790945649147,0.0,0.0,0.0391896516084671
3053,10.0,0.02823800779879093,0.0013533614110201597,0.0,0.0,0.02959136851131916
3054,10.0,0.036921486258506775,0.0026226353365927935,0.0,0.0,0.03954412043094635
3055,10.0,0.05074991285800934,0.004368933849036694,0.0,0.0,0.05511884763836861
3056,10.0,0.03429502993822098,0.0020948343444615602,0.0,0.0,0.03638986498117447
3057,10.0,0.03673350811004639,0.0021249682176858187,0.0,0.0,0.038858477026224136
3058,10.0,0.040361180901527405,0.002880760934203863,0.0,0.0,0.043241940438747406
3059,10.0,0.03670293465256691,0.0020529855974018574,0.0,0.0,0.03875591978430748
3060,10.0,0.037329766899347305,0.0023963358253240585,0.0,0.0,0.039726100862026215
3061,10.0,0.034554373472929,0.001825433922931552,0.0,0.0,0.03637980669736862
3062,10.0,0.038102664053440094,0.00233147363178432,0.0,0.0,0.04043413698673248
3063,10.0,0.03391268104314804,0.002107620006427169,0.0,0.0,0.03602030128240585
3064,10.0,0.04966273903846741,0.004587904550135136,0.0,0.0,0.05425064265727997
3065,10.0,0.03756808117032051,0.0027432581409811974,0.0,0.0,0.04031134024262428
3066,10.0,0.034027714282274246,0.0020669521763920784,0.0,0.0,0.03609466552734375
3067,10.0,0.03781098872423172,0.0029342256020754576,0.0,0.0,0.04074521362781525
3068,10.0,0.03579973429441452,0.002112860791385174,0.0,0.0,0.03791259601712227
3069,10.0,0.0475410632789135,0.0040399981662631035,0.0,0.0,0.051581062376499176
3070,10.0,0.04148552566766739,0.003176959929987788,0.0,0.0,0.044662486761808395
3071,10.0,0.04235048592090607,0.0033481158316135406,0.0,0.0,0.04569860175251961
3072,10.0,0.034170567989349365,0.002244608011096716,0.0,0.0,0.03641517460346222
3073,10.0,0.04062746465206146,0.003199139144271612,0.0,0.0,0.04382660239934921
3074,10.0,0.032123275101184845,0.001640500733628869,0.0,0.0,0.03376377746462822
3075,10.0,0.057547904551029205,0.005658739246428013,0.0,0.0,0.06320664286613464
3076,10.0,0.03381982445716858,0.0019638999365270138,0.0,0.0,0.03578372299671173
3077,10.0,0.03338954597711563,0.0018268977291882038,0.0,0.0,0.03521644324064255
3078,10.0,0.034642551094293594,0.0021584713831543922,0.0,0.0,0.03680102154612541
3079,10.0,0.03842249512672424,0.00274867657572031,0.0,0.0,0.04117117077112198
3080,10.0,0.035283349454402924,0.0021454887464642525,0.0,0.0,0.0374288372695446
3081,10.0,0.03809119760990143,0.0024837511591613293,0.0,0.0,0.040574949234724045
3082,10.0,0.040231816470623016,0.00239085266366601,0.0,0.0,0.04262267053127289
3083,10.0,0.03778179734945297,0.002671962371096015,0.0,0.0,0.04045375809073448
3084,10.0,0.03819386661052704,0.0021688162814825773,0.0,0.0,0.040362682193517685
3085,10.0,0.033151865005493164,0.0019209363963454962,0.0,0.0,0.035072799772024155
3086,10.0,0.04252970218658447,0.003201402723789215,0.0,0.0,0.04573110491037369
3087,10.0,0.030737251043319702,0.0017620725557208061,0.0,0.0,0.03249932453036308
3088,10.0,0.036071762442588806,0.0025753627996891737,0.0,0.0,0.0386471264064312
3089,10.0,0.032023489475250244,0.0018165912479162216,0.0,0.0,0.033840082585811615
3090,10.0,0.042091213166713715,0.0032011023722589016,0.0,0.0,0.045292314141988754
3091,10.0,0.03134976327419281,0.001817548181861639,0.0,0.0,0.03316731005907059
3092,10.0,0.027906280010938644,0.0014750808477401733,0.0,0.0,0.029381360858678818
3093,10.0,0.04051677882671356,0.0027505909092724323,0.0,0.0,0.04326736927032471
3094,10.0,0.03912224620580673,0.0031394974794238806,0.0,0.0,0.04226174205541611
3095,10.0,0.03681987524032593,0.0027970809023827314,0.0,0.0,0.03961695730686188
3096,10.0,0.02932654321193695,0.0014742889907211065,0.0,0.0,0.0308008324354887
3097,10.0,0.04106321185827255,0.00300788227468729,0.0,0.0,0.04407109320163727
3098,10.0,0.029645374044775963,0.0016454763244837523,0.0,0.0,0.03129085153341293
3099,10.0,0.0340084582567215,0.0021402277052402496,0.0,0.0,0.036148685961961746
3100,10.0,0.05802614986896515,0.006042729131877422,0.0,0.0,0.06406887620687485
3101,10.0,0.0291459783911705,0.0014332833234220743,0.0,0.0,0.030579261481761932
3102,10.0,0.031264372169971466,0.0018269479041919112,0.0,0.0,0.03309132158756256
3103,10.0,0.03712354972958565,0.0026103672571480274,0.0,0.0,0.03973391652107239
3104,10.0,0.06155141070485115,0.0060449158772826195,0.0,0.0,0.06759632378816605
3105,10.0,0.030829573050141335,0.0017477702349424362,0.0,0.0,0.03257734328508377
3106,10.0,0.03227002173662186,0.0018117474392056465,0.0,0.0,0.03408176824450493
3107,10.0,0.0347369983792305,0.0021515218541026115,0.0,0.0,0.036888521164655685
3108,10.0,0.03364472836256027,0.001935610780492425,0.0,0.0,0.0355803407728672
3109,10.0,0.03497849032282829,0.0023222011514008045,0.0,0.0,0.03730069100856781
3110,10.0,0.03811805322766304,0.0023081148974597454,0.0,0.0,0.04042616859078407
3111,10.0,0.041516341269016266,0.003175039542838931,0.0,0.0,0.044691380113363266
3112,10.0,0.038540661334991455,0.0024790442548692226,0.0,0.0,0.041019704192876816
3113,10.0,0.03719495236873627,0.002061039675027132,0.0,0.0,0.03925599157810211
3114,10.0,0.037707775831222534,0.002772832754999399,0.0,0.0,0.040480609983205795
3115,10.0,0.03846275061368942,0.0028738281689584255,0.0,0.0,0.041336577385663986
3116,10.0,0.0343693271279335,0.002189209684729576,0.0,0.0,0.03655853867530823
3117,10.0,0.037277985364198685,0.0019728848710656166,0.0,0.0,0.03925086930394173
3118,10.0,0.039805375039577484,0.0028470586985349655,0.0,0.0,0.0426524356007576
3119,10.0,0.036021411418914795,0.002136403927579522,0.0,0.0,0.03815781697630882
3120,10.0,0.04013318195939064,0.003049242775887251,0.0,0.0,0.04318242520093918
3121,10.0,0.03143049776554108,0.0017758889589458704,0.0,0.0,0.03320638835430145
3122,10.0,0.028294721618294716,0.001371248858049512,0.0,0.0,0.02966597117483616
3123,10.0,0.03235185891389847,0.0017099857795983553,0.0,0.0,0.034061845391988754
3124,10.0,0.029761552810668945,0.0015238564228639007,0.0,0.0,0.03128540888428688
3125,10.0,0.0300724096596241,0.0016990748699754477,0.0,0.0,0.03177148476243019
3126,10.0,0.0437684990465641,0.0036900192499160767,0.0,0.0,0.04745851829648018
3127,10.0,0.035352256149053574,0.0026862274389714003,0.0,0.0,0.03803848475217819
3128,10.0,0.0284358412027359,0.0014626980992034078,0.0,0.0,0.029898539185523987
3129,10.0,0.04194523021578789,0.003465387737378478,0.0,0.0,0.04541061818599701
3130,10.0,0.039395369589328766,0.003161951433867216,0.0,0.0,0.04255732148885727
3131,10.0,0.04103405401110649,0.002974441275000572,0.0,0.0,0.044008493423461914
3132,10.0,0.044366054236888885,0.0037878132425248623,0.0,0.0,0.048153866082429886
3133,10.0,0.060187533497810364,0.006330348551273346,0.0,0.0,0.06651788204908371
3134,10.0,0.03011605702340603,0.001654864870943129,0.0,0.0,0.03177092224359512
3135,10.0,0.036594510078430176,0.00268143811263144,0.0,0.0,0.03927594795823097
3136,10.0,0.035170458257198334,0.0022044875659048557,0.0,0.0,0.03737494722008705
3137,10.0,0.04155293107032776,0.0034215974155813456,0.0,0.0,0.04497452825307846
3138,10.0,0.032952383160591125,0.0018974394770339131,0.0,0.0,0.03484982252120972
3139,10.0,0.03524693846702576,0.0021852743811905384,0.0,0.0,0.03743221238255501
3140,10.0,0.04569939523935318,0.003907154314219952,0.0,0.0,0.049606550484895706
3141,10.0,0.04122277349233627,0.0023781456984579563,0.0,0.0,0.04360092058777809
3142,10.0,0.040727399289608,0.0028455760329961777,0.0,0.0,0.04357297718524933
3143,10.0,0.053010277450084686,0.005113610997796059,0.0,0.0,0.058123886585235596
3144,10.0,0.03520798683166504,0.00198162323795259,0.0,0.0,0.03718961030244827
3145,10.0,0.03645188361406326,0.002225600415840745,0.0,0.0,0.038677483797073364
3146,10.0,0.037554237991571426,0.002283231820911169,0.0,0.0,0.039837468415498734
3147,10.0,0.03966272622346878,0.0029972889460623264,0.0,0.0,0.04266001656651497
3148,10.0,0.03692254424095154,0.002486664801836014,0.0,0.0,0.03940920904278755
3149,10.0,0.03580225259065628,0.0021440363489091396,0.0,0.0,0.03794628754258156
3150,10.0,0.03480790928006172,0.0021222499199211597,0.0,0.0,0.036930158734321594
3151,10.0,0.04462267458438873,0.003486495465040207,0.0,0.0,0.04810917004942894
3152,10.0,0.0396595299243927,0.002963864244520664,0.0,0.0,0.04262339323759079
3153,10.0,0.03296910598874092,0.0017936257645487785,0.0,0.0,0.034762732684612274
3154,10.0,0.03502877056598663,0.0025462331250309944,0.0,0.0,0.03757500275969505
3155,10.0,0.043283723294734955,0.003821639809757471,0.0,0.0,0.04710536450147629
3156,10.0,0.035876594483852386,0.0025877170264720917,0.0,0.0,0.03846431151032448
3157,10.0,0.04727714881300926,0.00369440671056509,0.0,0.0,0.05097155645489693
3158,10.0,0.029470745474100113,0.0016118494095280766,0.0,0.0,0.031082594767212868
3159,10.0,0.03396543487906456,0.002078825607895851,0.0,0.0,0.03604426234960556
3160,10.0,0.03615060821175575,0.0020480239763855934,0.0,0.0,0.03819863125681877
3161,10.0,0.032843686640262604,0.001948850229382515,0.0,0.0,0.03479253500699997
3162,10.0,0.030575407668948174,0.001707256305962801,0.0,0.0,0.032282665371894836
3163,10.0,0.039349280297756195,0.0030105127952992916,0.0,0.0,0.042359791696071625
3164,10.0,0.03303809463977814,0.0019417846342548728,0.0,0.0,0.03497987985610962
3165,10.0,0.03710027039051056,0.0026801687199622393,0.0,0.0,0.03978043794631958
3166,10.0,0.04415794461965561,0.003880721051245928,0.0,0.0,0.04803866520524025
3167,10.0,0.03333713486790657,0.0020079826936125755,0.0,0.0,0.03534511849284172
3168,10.0,0.03607451915740967,0.002328417496755719,0.0,0.0,0.03840293735265732
3169,10.0,0.04849681258201599,0.004298181273043156,0.0,0.0,0.05279499292373657
3170,10.0,0.03395131975412369,0.0019816758576780558,0.0,0.0,0.0359329953789711
3171,10.0,0.03476365655660629,0.0019008524250239134,0.0,0.0,0.036664508283138275
3172,10.0,0.050566673278808594,0.004299217835068703,0.0,0.0,0.05486588925123215
3173,10.0,0.03566204011440277,0.0022330055944621563,0.0,0.0,0.037895046174526215
3174,10.0,0.035561397671699524,0.001965112751349807,0.0,0.0,0.037526510655879974
3175,10.0,0.037211738526821136,0.0023902503307908773,0.0,0.0,0.03960198909044266
3176,10.0,0.04165606200695038,0.0034269934985786676,0.0,0.0,0.04508305713534355
3177,10.0,0.034728046506643295,0.002088964218273759,0.0,0.0,0.03681701049208641
3178,10.0,0.04414493590593338,0.003497584955766797,0.0,0.0,0.04764252156019211
3179,10.0,0.030530598014593124,0.001567105995491147,0.0,0.0,0.0320977047085762
3180,10.0,0.038449306041002274,0.002887049224227667,0.0,0.0,0.04133635386824608
3181,10.0,0.03993188589811325,0.0033715469762682915,0.0,0.0,0.04330343380570412
3182,10.0,0.03546054661273956,0.0024800619576126337,0.0,0.0,0.0379406102001667
3183,10.0,0.03763502463698387,0.0028242669068276882,0.0,0.0,0.0404592901468277
3184,10.0,0.0550396591424942,0.005296972580254078,0.0,0.0,0.060336630791425705
3185,10.0,0.03695834428071976,0.0026556767988950014,0.0,0.0,0.03961402177810669
3186,10.0,0.03299744054675102,0.0017951842164620757,0.0,0.0,0.03479262441396713
3187,10.0,0.04247512295842171,0.00331521057523787,0.0,0.0,0.045790333300828934
3188,10.0,0.030462399125099182,0.001678759464994073,0.0,0.0,0.03214116021990776
3189,10.0,0.03272145241498947,0.001950219739228487,0.0,0.0,0.03467167168855667
3190,10.0,0.03458864986896515,0.002170297782868147,0.0,0.0,0.03675894811749458
3191,10.0,0.03319873288273811,0.0017443576361984015,0.0,0.0,0.03494308888912201
3192,10.0,0.03781051188707352,0.0027225534431636333,0.0,0.0,0.04053306579589844
3193,10.0,0.035711877048015594,0.0024507471825927496,0.0,0.0,0.03816262260079384
3194,10.0,0.04185030236840248,0.0032062081154435873,0.0,0.0,0.04505651071667671
3195,10.0,0.0356455072760582,0.0020230456721037626,0.0,0.0,0.03766855224967003
3196,10.0,0.034374333918094635,0.0020074837375432253,0.0,0.0,0.03638181835412979
3197,10.0,0.03819899260997772,0.002679056255146861,0.0,0.0,0.0408780500292778
3198,10.0,0.032635029405355453,0.00200350908562541,0.0,0.0,0.03463853895664215
3199,10.0,0.038019049912691116,0.0028420782182365656,0.0,0.0,0.04086112976074219
3200,10.0,0.031742312014102936,0.0016388006042689085,0.0,0.0,0.03338111191987991
3201,10.0,0.03273168206214905,0.002149061067029834,0.0,0.0,0.03488074243068695
3202,10.0,0.05190497264266014,0.004764010198414326,0.0,0.0,0.05666898190975189
3203,10.0,0.03302697092294693,0.0020096234511584044,0.0,0.0,0.0350365936756134
3204,10.0,0.03987421840429306,0.0031224344857037067,0.0,0.0,0.04299665242433548
3205,10.0,0.031562838703393936,0.0017720519099384546,0.0,0.0,0.033334892243146896
3206,10.0,0.03390243649482727,0.0021422086283564568,0.0,0.0,0.0360446460545063
3207,10.0,0.0374511182308197,0.0028485036455094814,0.0,0.0,0.04029962047934532
3208,10.0,0.061937253922224045,0.0063622179441154,0.0,0.0,0.06829947233200073
3209,10.0,0.04813871532678604,0.004563900176435709,0.0,0.0,0.05270261690020561
3210,10.0,0.04092724248766899,0.0030056072864681482,0.0,0.0,0.043932851403951645
3211,10.0,0.03332816809415817,0.0017042647814378142,0.0,0.0,0.03503243252635002
3212,10.0,0.039266400039196014,0.0031790744978934526,0.0,0.0,0.04244547337293625
3213,10.0,0.0365382619202137,0.0021125655621290207,0.0,0.0,0.03865082561969757
3214,10.0,0.03595339134335518,0.002103542210534215,0.0,0.0,0.038056932389736176
3215,10.0,0.03698886185884476,0.002441368531435728,0.0,0.0,0.03943023085594177
3216,10.0,0.04459439590573311,0.002919937716796994,0.0,0.0,0.047514334321022034
3217,10.0,0.04128317907452583,0.0029470704030245543,0.0,0.0,0.044230248779058456
3218,10.0,0.035966936498880386,0.0021799164824187756,0.0,0.0,0.03814685344696045
3219,10.0,0.037300530821084976,0.0026541471015661955,0.0,0.0,0.03995467722415924
3220,10.0,0.03240806236863136,0.002003738656640053,0.0,0.0,0.034411802887916565
3221,10.0,0.05786726623773575,0.005714978091418743,0.0,0.0,0.06358224153518677
3222,10.0,0.035011857748031616,0.002357859630137682,0.0,0.0,0.03736971691250801
3223,10.0,0.03982975333929062,0.003001827746629715,0.0,0.0,0.042831581085920334
3224,10.0,0.02982081100344658,0.001633886364288628,0.0,0.0,0.031454697251319885
3225,10.0,0.034681349992752075,0.0022636237554252148,0.0,0.0,0.03694497421383858
3226,10.0,0.03263305127620697,0.0019042897038161755,0.0,0.0,0.03453734144568443
3227,10.0,0.03697950765490532,0.0026678445283323526,0.0,0.0,0.03964735195040703
3228,10.0,0.06182863190770149,0.006214258261024952,0.0,0.0,0.06804288923740387
3229,10.0,0.035519037395715714,0.002355145290493965,0.0,0.0,0.03787418454885483
3230,10.0,0.03327053040266037,0.0017442849930375814,0.0,0.0,0.035014815628528595
3231,10.0,0.033007439225912094,0.002107839100062847,0.0,0.0,0.035115279257297516
3232,10.0,0.03265824913978577,0.0018038791604340076,0.0,0.0,0.03446212783455849
3233,10.0,0.0322246253490448,0.0017846552655100822,0.0,0.0,0.03400928154587746
3234,10.0,0.033190056681632996,0.0017986162565648556,0.0,0.0,0.03498867154121399
3235,10.0,0.03908880427479744,0.002426068764179945,0.0,0.0,0.04151487350463867
3236,10.0,0.0604228600859642,0.005656071472913027,0.0,0.0,0.06607893109321594
3237,10.0,0.03357979655265808,0.0020371219143271446,0.0,0.0,0.0356169193983078
3238,10.0,0.03828704357147217,0.003038637340068817,0.0,0.0,0.041325680911540985
3239,10.0,0.03898490220308304,0.0029046302661299706,0.0,0.0,0.041889533400535583
3240,10.0,0.03342926502227783,0.0019536931067705154,0.0,0.0,0.0353829562664032
3241,10.0,0.04535192996263504,0.0038493783213198185,0.0,0.0,0.04920130968093872
3242,10.0,0.03632393479347229,0.0025714868679642677,0.0,0.0,0.03889542073011398
3243,10.0,0.04644395411014557,0.00415170518681407,0.0,0.0,0.050595659762620926
3244,10.0,0.04119091108441353,0.003158554434776306,0.0,0.0,0.044349465519189835
3245,10.0,0.05240005999803543,0.004543661139905453,0.0,0.0,0.05694372206926346
3246,10.0,0.03772033378481865,0.002483959775418043,0.0,0.0,0.04020429402589798
3247,10.0,0.04934442415833473,0.004223998636007309,0.0,0.0,0.05356842279434204
3248,10.0,0.043593183159828186,0.003089435398578644,0.0,0.0,0.04668261855840683
3249,10.0,0.03624918684363365,0.002147418912500143,0.0,0.0,0.03839660435914993
3250,10.0,0.04463610425591469,0.002955750096589327,0.0,0.0,0.04759185388684273
3251,10.0,0.042251378297805786,0.003135127481073141,0.0,0.0,0.045386504381895065
3252,10.0,0.045791249722242355,0.0033652065321803093,0.0,0.0,0.04915645718574524
3253,10.0,0.03713855892419815,0.0022900195326656103,0.0,0.0,0.039428576827049255
3254,10.0,0.04165450856089592,0.002362231258302927,0.0,0.0,0.04401674121618271
3255,10.0,0.04016720876097679,0.002578300889581442,0.0,0.0,0.04274550825357437
3256,10.0,0.0377538688480854,0.0022621680982410908,0.0,0.0,0.04001603648066521
3257,10.0,0.04789508506655693,0.0045111943036317825,0.0,0.0,0.05240628123283386
3258,10.0,0.05010121688246727,0.004819333553314209,0.0,0.0,0.05492055043578148
3259,10.0,0.03390892595052719,0.002161840908229351,0.0,0.0,0.03607076779007912
3260,10.0,0.0437244214117527,0.0034956522285938263,0.0,0.0,0.04722007364034653
3261,10.0,0.03129442036151886,0.001637376844882965,0.0,0.0,0.032931797206401825
3262,10.0,0.03227842599153519,0.0017461151583120227,0.0,0.0,0.03402454033493996
3263,10.0,0.033066362142562866,0.002010837197303772,0.0,0.0,0.03507719933986664
3264,10.0,0.032104700803756714,0.0017759259790182114,0.0,0.0,0.033880628645420074
3265,10.0,0.03280371427536011,0.0019296954851597548,0.0,0.0,0.03473341092467308
3266,10.0,0.028475193306803703,0.0013808917719870806,0.0,0.0,0.029856085777282715
3267,10.0,0.03413393348455429,0.0021576047874987125,0.0,0.0,0.036291539669036865
3268,10.0,0.0376492403447628,0.0026081232354044914,0.0,0.0,0.04025736451148987
3269,10.0,0.04161515831947327,0.003418350126594305,0.0,0.0,0.04503350704908371
3270,10.0,0.03604482114315033,0.002269880846142769,0.0,0.0,0.03831470012664795
3271,10.0,0.03630196303129196,0.002463140757754445,0.0,0.0,0.03876510262489319
3272,10.0,0.04784737527370453,0.003824909683316946,0.0,0.0,0.05167228356003761
3273,10.0,0.05593365058302879,0.005008956417441368,0.0,0.0,0.06094260513782501
3274,10.0,0.03517874330282211,0.0021376668009907007,0.0,0.0,0.03731641173362732
3275,10.0,0.05145552381873131,0.004616752732545137,0.0,0.0,0.05607227608561516
3276,10.0,0.03621093928813934,0.002310521900653839,0.0,0.0,0.03852146118879318
3277,10.0,0.0453479029238224,0.0036515435203909874,0.0,0.0,0.048999447375535965
3278,10.0,0.04201758652925491,0.00291419867426157,0.0,0.0,0.04493178427219391
3279,10.0,0.04274242743849754,0.002893583383411169,0.0,0.0,0.04563600942492485
3280,10.0,0.04296077787876129,0.002726013073697686,0.0,0.0,0.04568679258227348
3281,10.0,0.04281168431043625,0.0029474743641912937,0.0,0.0,0.045759160071611404
3282,10.0,0.03986261039972305,0.0025136801414191723,0.0,0.0,0.04237629100680351
3283,10.0,0.04820980131626129,0.003939763642847538,0.0,0.0,0.052149564027786255
3284,10.0,0.04398208111524582,0.0034363670274615288,0.0,0.0,0.04741844907402992
3285,10.0,0.04644893482327461,0.003883159253746271,0.0,0.0,0.050332095474004745
3286,10.0,0.0393294095993042,0.0023278966546058655,0.0,0.0,0.041657306253910065
3287,10.0,0.035834383219480515,0.0019790397491306067,0.0,0.0,0.037813421338796616
3288,10.0,0.05220402777194977,0.004534611478447914,0.0,0.0,0.05673863738775253
3289,11.0,0.03839590400457382,0.002705520950257778,0.0,0.0,0.041101425886154175
3290,11.0,0.03324420750141144,0.001887498190626502,0.0,0.0,0.035131704062223434
3291,11.0,0.035153262317180634,0.002181064337491989,0.0,0.0,0.03733432665467262
3292,11.0,0.03596930205821991,0.002505452139303088,0.0,0.0,0.03847475349903107
3293,11.0,0.040142517536878586,0.003085548058152199,0.0,0.0,0.043228067457675934
3294,11.0,0.038439493626356125,0.0028699147514998913,0.0,0.0,0.0413094088435173
3295,11.0,0.030677450820803642,0.0017173578962683678,0.0,0.0,0.032394807785749435
3296,11.0,0.02971002086997032,0.0015829632757231593,0.0,0.0,0.031292982399463654
3297,11.0,0.044023726135492325,0.003386077471077442,0.0,0.0,0.04740980267524719
3298,11.0,0.030178505927324295,0.0017009422881528735,0.0,0.0,0.031879447400569916
3299,11.0,0.034768663346767426,0.00227103428915143,0.0,0.0,0.03703969717025757
3300,11.0,0.03174799680709839,0.0020155722741037607,0.0,0.0,0.033763568848371506
3301,11.0,0.04027223587036133,0.003020369913429022,0.0,0.0,0.04329260438680649
3302,11.0,0.03618349879980087,0.0027075642719864845,0.0,0.0,0.03889106214046478
3303,11.0,0.03556544706225395,0.002538104774430394,0.0,0.0,0.03810355067253113
3304,11.0,0.035759225487709045,0.0024255705066025257,0.0,0.0,0.038184795528650284
3305,11.0,0.032243046909570694,0.0015703074168413877,0.0,0.0,0.03381335362792015
3306,11.0,0.038425885140895844,0.002694107824936509,0.0,0.0,0.04111999273300171
3307,11.0,0.03796253353357315,0.0028565458487719297,0.0,0.0,0.04081907868385315
3308,11.0,0.03509954735636711,0.002408814150840044,0.0,0.0,0.03750836104154587
3309,11.0,0.031162189319729805,0.0016264966689050198,0.0,0.0,0.03278868645429611
3310,11.0,0.04149225354194641,0.0029512925539165735,0.0,0.0,0.04444354772567749
3311,11.0,0.030690090730786324,0.0015649453271180391,0.0,0.0,0.032255034893751144
3312,11.0,0.033027052879333496,0.002113767433911562,0.0,0.0,0.03514081984758377
3313,11.0,0.033928826451301575,0.0019998725038021803,0.0,0.0,0.03592870011925697
3314,11.0,0.03960316255688667,0.0030608747620135546,0.0,0.0,0.04266403615474701
3315,11.0,0.03340516984462738,0.0018177994061261415,0.0,0.0,0.03522296994924545
3316,11.0,0.029130790382623672,0.0014384932583197951,0.0,0.0,0.030569283291697502
3317,11.0,0.03962869942188263,0.0034307653550058603,0.0,0.0,0.043059464544057846
3318,11.0,0.0518452413380146,0.004917639307677746,0.0,0.0,0.05676288157701492
3319,11.0,0.028541933745145798,0.0015035666292533278,0.0,0.0,0.03004550002515316
3320,11.0,0.03258980065584183,0.002020442858338356,0.0,0.0,0.034610241651535034
3321,11.0,0.034039221704006195,0.0021393494680523872,0.0,0.0,0.03617857024073601
3322,11.0,0.030893418937921524,0.0017563293222337961,0.0,0.0,0.032649748027324677
3323,11.0,0.029560890048742294,0.0015246563125401735,0.0,0.0,0.0310855470597744
3324,11.0,0.036700692027807236,0.0027521171141415834,0.0,0.0,0.03945280984044075
3325,11.0,0.05022081732749939,0.004453335888683796,0.0,0.0,0.05467415228486061
3326,11.0,0.0389193519949913,0.003089139237999916,0.0,0.0,0.04200848937034607
3327,11.0,0.030452270060777664,0.0017006422858685255,0.0,0.0,0.03215291351079941
3328,11.0,0.030114345252513885,0.0016520092030987144,0.0,0.0,0.03176635503768921
3329,11.0,0.03189065679907799,0.0020576673559844494,0.0,0.0,0.033948324620723724
3330,11.0,0.049868110567331314,0.00448333565145731,0.0,0.0,0.05435144528746605
3331,11.0,0.02915780618786812,0.0014117838582023978,0.0,0.0,0.030569590628147125
3332,11.0,0.03315424174070358,0.0019718604162335396,0.0,0.0,0.03512610122561455
3333,11.0,0.04186272621154785,0.003166919806972146,0.0,0.0,0.0450296476483345
3334,11.0,0.03668752312660217,0.002476105932146311,0.0,0.0,0.039163630455732346
3335,11.0,0.03217388689517975,0.0017541571287438273,0.0,0.0,0.0339280441403389
3336,11.0,0.04155454784631729,0.0030151759274303913,0.0,0.0,0.044569723308086395
3337,11.0,0.03508641943335533,0.002123313257470727,0.0,0.0,0.037209734320640564
3338,11.0,0.03950831666588783,0.0029521030373871326,0.0,0.0,0.04246041923761368
3339,11.0,0.038128629326820374,0.0022453414276242256,0.0,0.0,0.040373969823122025
3340,11.0,0.03478166460990906,0.0022033979184925556,0.0,0.0,0.036985062062740326
3341,11.0,0.033130474388599396,0.0017699142917990685,0.0,0.0,0.03490038961172104
3342,11.0,0.03673820197582245,0.002576591446995735,0.0,0.0,0.039314791560173035
3343,11.0,0.053757067769765854,0.005138404201716185,0.0,0.0,0.058895472437143326
3344,11.0,0.034638576209545135,0.0021143988706171513,0.0,0.0,0.03675297647714615
3345,11.0,0.03601197898387909,0.0026160888373851776,0.0,0.0,0.03862806782126427
3346,11.0,0.032220013439655304,0.0019862675108015537,0.0,0.0,0.03420628234744072
3347,11.0,0.07825436443090439,0.009381451644003391,0.0,0.0,0.0876358151435852
3348,11.0,0.03735003247857094,0.0027373144403100014,0.0,0.0,0.040087345987558365
3349,11.0,0.048610154539346695,0.004087929148226976,0.0,0.0,0.052698083221912384
3350,11.0,0.04474537819623947,0.004026659764349461,0.0,0.0,0.04877203702926636
3351,11.0,0.04530482739210129,0.0035689473152160645,0.0,0.0,0.04887377470731735
3352,11.0,0.037771210074424744,0.0026344861835241318,0.0,0.0,0.040405698120594025
3353,11.0,0.0486162006855011,0.004010655451565981,0.0,0.0,0.05262685567140579
3354,11.0,0.04099274426698685,0.002618737518787384,0.0,0.0,0.04361148178577423
3355,11.0,0.04410208761692047,0.0027080154977738857,0.0,0.0,0.046810101717710495
3356,11.0,0.044696152210235596,0.003120830748230219,0.0,0.0,0.047816984355449677
3357,11.0,0.042299091815948486,0.002693548332899809,0.0,0.0,0.04499264061450958
3358,11.0,0.0413653701543808,0.0026077311486005783,0.0,0.0,0.043973103165626526
3359,11.0,0.038263242691755295,0.0026064072735607624,0.0,0.0,0.04086964949965477
3360,11.0,0.03432823345065117,0.002005519811064005,0.0,0.0,0.036333754658699036
3361,11.0,0.03804324194788933,0.0023892633616924286,0.0,0.0,0.04043250530958176
3362,11.0,0.034975387156009674,0.0019428568193688989,0.0,0.0,0.03691824525594711
3363,11.0,0.03338291496038437,0.0019536390900611877,0.0,0.0,0.03533655405044556
3364,11.0,0.045642927289009094,0.003948001191020012,0.0,0.0,0.049590930342674255
3365,11.0,0.029668040573596954,0.0016387348296120763,0.0,0.0,0.03130677714943886
3366,11.0,0.06839771568775177,0.00689296517521143,0.0,0.0,0.07529067993164062
3367,11.0,0.05976664274930954,0.005940983071923256,0.0,0.0,0.06570762395858765
3368,11.0,0.03526778146624565,0.0024600548204034567,0.0,0.0,0.03772783651947975
3369,11.0,0.031961653381586075,0.0018357252702116966,0.0,0.0,0.033797379583120346
3370,11.0,0.05526936054229736,0.005111166276037693,0.0,0.0,0.06038052588701248
3371,11.0,0.032236021012067795,0.0018221032805740833,0.0,0.0,0.03405812382698059
3372,11.0,0.04577802121639252,0.00412867171689868,0.0,0.0,0.049906693398952484
3373,11.0,0.037099920213222504,0.002312570810317993,0.0,0.0,0.0394124910235405
3374,11.0,0.045411840081214905,0.0030071106739342213,0.0,0.0,0.04841895028948784
3375,11.0,0.03890366479754448,0.0024208449758589268,0.0,0.0,0.04132451117038727
3376,11.0,0.03944280743598938,0.002720325719565153,0.0,0.0,0.04216313362121582
3377,11.0,0.03622999042272568,0.0023808926343917847,0.0,0.0,0.03861088305711746
3378,11.0,0.03897011652588844,0.002830199431627989,0.0,0.0,0.04180031642317772
3379,11.0,0.0349978432059288,0.0020472430624067783,0.0,0.0,0.03704508766531944
3380,11.0,0.03697971999645233,0.002211769809946418,0.0,0.0,0.039191488176584244
3381,11.0,0.03399282321333885,0.002020795363932848,0.0,0.0,0.03601361811161041
3382,11.0,0.0333314910531044,0.0019371730741113424,0.0,0.0,0.03526866436004639
3383,11.0,0.038052499294281006,0.0028164249379187822,0.0,0.0,0.04086892306804657
3384,11.0,0.04057234525680542,0.0031133319716900587,0.0,0.0,0.0436856783926487
3385,11.0,0.03623401001095772,0.002588128438219428,0.0,0.0,0.03882213681936264
3386,11.0,0.037115782499313354,0.0027450602501630783,0.0,0.0,0.03986084461212158
3387,11.0,0.03787866234779358,0.002869832329452038,0.0,0.0,0.04074849560856819
3388,11.0,0.03689522296190262,0.0026981632690876722,0.0,0.0,0.03959338739514351
3389,11.0,0.02797556295990944,0.0013674122747033834,0.0,0.0,0.029342975467443466
3390,11.0,0.060945458710193634,0.006319977808743715,0.0,0.0,0.06726543605327606
3391,11.0,0.03171529620885849,0.0018128410447388887,0.0,0.0,0.03352813795208931
3392,11.0,0.036798689514398575,0.0027222440112382174,0.0,0.0,0.03952093422412872
3393,11.0,0.036703869700431824,0.0027431293856352568,0.0,0.0,0.03944699838757515
3394,11.0,0.03314508497714996,0.0020083035342395306,0.0,0.0,0.03515338897705078
3395,11.0,0.03298770636320114,0.001939194044098258,0.0,0.0,0.034926898777484894
3396,11.0,0.03362543508410454,0.0019841836765408516,0.0,0.0,0.035609617829322815
3397,11.0,0.031201403588056564,0.0015388685278594494,0.0,0.0,0.0327402725815773
3398,11.0,0.03873639181256294,0.0029641571454703808,0.0,0.0,0.04170054942369461
3399,11.0,0.04527204856276512,0.0035251567605882883,0.0,0.0,0.048797205090522766
3400,11.0,0.03785362094640732,0.0029505984857678413,0.0,0.0,0.040804218500852585
3401,11.0,0.03519856184720993,0.002207426354289055,0.0,0.0,0.037405990064144135
3402,11.0,0.039929457008838654,0.0029849784914404154,0.0,0.0,0.042914435267448425
3403,11.0,0.03841184079647064,0.0028013326227664948,0.0,0.0,0.04121317341923714
3404,11.0,0.03541487082839012,0.002226554788649082,0.0,0.0,0.03764142468571663
3405,11.0,0.03541648015379906,0.0020831602159887552,0.0,0.0,0.03749964013695717
3406,11.0,0.05198825150728226,0.004883343353867531,0.0,0.0,0.05687159299850464
3407,11.0,0.032716114073991776,0.0017455662600696087,0.0,0.0,0.03446168079972267
3408,11.0,0.03653712198138237,0.001988499192520976,0.0,0.0,0.038525622338056564
3409,11.0,0.05930841714143753,0.005728782154619694,0.0,0.0,0.06503719836473465
3410,11.0,0.03298189491033554,0.0020331284031271935,0.0,0.0,0.03501502424478531
3411,11.0,0.05496399849653244,0.00581593532115221,0.0,0.0,0.060779932886362076
3412,11.0,0.03626439720392227,0.0024413347709923983,0.0,0.0,0.0387057326734066
3413,11.0,0.03736837953329086,0.002619425766170025,0.0,0.0,0.03998780623078346
3414,11.0,0.03699054941534996,0.0025739416014403105,0.0,0.0,0.03956449031829834
3415,11.0,0.0386723056435585,0.00297939358279109,0.0,0.0,0.04165169969201088
3416,11.0,0.03345615789294243,0.0019456089939922094,0.0,0.0,0.03540176525712013
3417,11.0,0.033649057149887085,0.001985295210033655,0.0,0.0,0.0356343537569046
3418,11.0,0.03496645390987396,0.001962194684892893,0.0,0.0,0.03692864999175072
3419,11.0,0.038726553320884705,0.002352260984480381,0.0,0.0,0.04107881337404251
3420,11.0,0.03799065202474594,0.0027254754677414894,0.0,0.0,0.040716126561164856
3421,11.0,0.03904205933213234,0.0028000441379845142,0.0,0.0,0.041842103004455566
3422,11.0,0.03646620735526085,0.0021359738893806934,0.0,0.0,0.038602180778980255
3423,11.0,0.031156621873378754,0.0016061339993029833,0.0,0.0,0.03276275470852852
3424,11.0,0.03421143442392349,0.0018421850400045514,0.0,0.0,0.0360536202788353
3425,11.0,0.051105909049510956,0.005107284523546696,0.0,0.0,0.05621319264173508
3426,11.0,0.03309697285294533,0.0020335556473582983,0.0,0.0,0.03513052687048912
3427,11.0,0.030188946053385735,0.0015319475205615163,0.0,0.0,0.03172089532017708
3428,11.0,0.034437619149684906,0.002281834604218602,0.0,0.0,0.03671945258975029
3429,11.0,0.0382486954331398,0.0030158613808453083,0.0,0.0,0.04126455634832382
3430,11.0,0.07697340101003647,0.009200012311339378,0.0,0.0,0.086173415184021
3431,11.0,0.04510829597711563,0.0035118677187711,0.0,0.0,0.04862016439437866
3432,11.0,0.03371639549732208,0.0020382613874971867,0.0,0.0,0.03575465828180313
3433,11.0,0.036856286227703094,0.002250772202387452,0.0,0.0,0.0391070581972599
3434,11.0,0.04204774647951126,0.0033928267657756805,0.0,0.0,0.04544057324528694
3435,11.0,0.0371769554913044,0.0024526016786694527,0.0,0.0,0.039629556238651276
3436,11.0,0.0396907664835453,0.00263291597366333,0.0,0.0,0.04232368245720863
3437,11.0,0.04033065587282181,0.002426938386633992,0.0,0.0,0.04275759309530258
3438,11.0,0.03734949231147766,0.002738471608608961,0.0,0.0,0.04008796438574791
3439,11.0,0.03671238198876381,0.0022575254552066326,0.0,0.0,0.03896990790963173
3440,11.0,0.037050701677799225,0.002340080449357629,0.0,0.0,0.03939078375697136
3441,11.0,0.03571092337369919,0.001995161408558488,0.0,0.0,0.03770608454942703
3442,11.0,0.044293515384197235,0.0038485254626721144,0.0,0.0,0.04814204201102257
3443,11.0,0.03512898460030556,0.0021063892636448145,0.0,0.0,0.03723537549376488
3444,11.0,0.041157715022563934,0.0031472076661884785,0.0,0.0,0.044304922223091125
3445,11.0,0.034645453095436096,0.002047791611403227,0.0,0.0,0.03669324517250061
3446,11.0,0.03980451822280884,0.002515994943678379,0.0,0.0,0.04232051223516464
3447,11.0,0.035520050674676895,0.0023363670334219933,0.0,0.0,0.03785641863942146
3448,11.0,0.033317457884550095,0.0017677606083452702,0.0,0.0,0.03508521988987923
3449,11.0,0.03448786586523056,0.002100106794387102,0.0,0.0,0.036587972193956375
3450,11.0,0.0335620641708374,0.0020321840420365334,0.0,0.0,0.03559424728155136
3451,11.0,0.029942193999886513,0.0015180528862401843,0.0,0.0,0.031460247933864594
3452,11.0,0.06828711926937103,0.006950397044420242,0.0,0.0,0.07523751258850098
3453,11.0,0.04578351974487305,0.0035251756198704243,0.0,0.0,0.049308694899082184
3454,11.0,0.042417917400598526,0.0033417316153645515,0.0,0.0,0.0457596480846405
3455,11.0,0.03304830566048622,0.0020416888874024153,0.0,0.0,0.035089995712041855
3456,11.0,0.034514058381319046,0.0020674895495176315,0.0,0.0,0.03658154606819153
3457,11.0,0.03601349890232086,0.0026252579409629107,0.0,0.0,0.038638755679130554
3458,11.0,0.03773677349090576,0.002442246302962303,0.0,0.0,0.040179021656513214
3459,11.0,0.04640151560306549,0.004169163294136524,0.0,0.0,0.05057067796587944
3460,11.0,0.03921178728342056,0.0031591204460710287,0.0,0.0,0.042370907962322235
3461,11.0,0.039642661809921265,0.002889827825129032,0.0,0.0,0.04253248870372772
3462,11.0,0.0384489931166172,0.0026233578100800514,0.0,0.0,0.04107234999537468
3463,11.0,0.039296794682741165,0.0023648058995604515,0.0,0.0,0.04166160151362419
3464,11.0,0.034471265971660614,0.002050708280876279,0.0,0.0,0.036521974951028824
3465,11.0,0.043913938105106354,0.0033855983056128025,0.0,0.0,0.04729953780770302
3466,11.0,0.047485001385211945,0.003910106606781483,0.0,0.0,0.05139510706067085
3467,11.0,0.03467386215925217,0.001830544788390398,0.0,0.0,0.03650440648198128
3468,11.0,0.03925751522183418,0.0026753246784210205,0.0,0.0,0.0419328399002552
3469,11.0,0.03598509728908539,0.002326872432604432,0.0,0.0,0.03831196948885918
3470,11.0,0.046725500375032425,0.003870592452585697,0.0,0.0,0.05059609189629555
3471,11.0,0.03726230561733246,0.002449158811941743,0.0,0.0,0.03971146419644356
3472,11.0,0.03818042576313019,0.002605200046673417,0.0,0.0,0.04078562557697296
3473,11.0,0.0442923977971077,0.0033881268464028835,0.0,0.0,0.04768052324652672
3474,11.0,0.03581149876117706,0.0021483106538653374,0.0,0.0,0.037959810346364975
3475,11.0,0.0412396565079689,0.0030531692318618298,0.0,0.0,0.04429282620549202
3476,11.0,0.037931207567453384,0.0026745409704744816,0.0,0.0,0.04060574993491173
3477,11.0,0.03400002419948578,0.0018131621181964874,0.0,0.0,0.035813186317682266
3478,11.0,0.039842311292886734,0.0028449995443224907,0.0,0.0,0.0426873117685318
3479,11.0,0.03180062025785446,0.00181010237429291,0.0,0.0,0.03361072391271591
3480,11.0,0.03402293473482132,0.0020431356970220804,0.0,0.0,0.036066070199012756
3481,11.0,0.03190037980675697,0.0019390778616070747,0.0,0.0,0.03383945673704147
3482,11.0,0.07816673070192337,0.009321553632616997,0.0,0.0,0.08748828619718552
3483,11.0,0.03803722560405731,0.0029496168717741966,0.0,0.0,0.04098684340715408
3484,11.0,0.03871411085128784,0.0032207327894866467,0.0,0.0,0.041934844106435776
3485,11.0,0.03975341469049454,0.003017398528754711,0.0,0.0,0.04277081415057182
3486,11.0,0.034832168370485306,0.0021003896836191416,0.0,0.0,0.036932557821273804
3487,11.0,0.03540375083684921,0.0023170087952166796,0.0,0.0,0.037720758467912674
3488,11.0,0.03156501054763794,0.0016125906258821487,0.0,0.0,0.03317759931087494
3489,11.0,0.036628954112529755,0.0026154732331633568,0.0,0.0,0.039244428277015686
3490,11.0,0.03487229347229004,0.0019541331566870213,0.0,0.0,0.03682642802596092
3491,11.0,0.03372369706630707,0.0018223559018224478,0.0,0.0,0.03554605320096016
3492,11.0,0.05570436269044876,0.005026954226195812,0.0,0.0,0.06073131784796715
3493,11.0,0.03533945977687836,0.002008670475333929,0.0,0.0,0.037348128855228424
3494,11.0,0.030961263924837112,0.001720884465612471,0.0,0.0,0.0326821468770504
3495,11.0,0.03234066441655159,0.001931976294144988,0.0,0.0,0.03427264094352722
3496,11.0,0.034253135323524475,0.002050170209258795,0.0,0.0,0.03630330413579941
3497,11.0,0.03099985048174858,0.001740504172630608,0.0,0.0,0.03274035453796387
3498,11.0,0.03704223781824112,0.0026698915753513575,0.0,0.0,0.03971213102340698
3499,11.0,0.04024301469326019,0.002937032375484705,0.0,0.0,0.04318004846572876
3500,11.0,0.03670056536793709,0.002753721782937646,0.0,0.0,0.03945428878068924
3501,11.0,0.05211380124092102,0.004714946262538433,0.0,0.0,0.05682874843478203
3502,11.0,0.03786730021238327,0.002807547803968191,0.0,0.0,0.0406748466193676
3503,11.0,0.058911703526973724,0.005685614421963692,0.0,0.0,0.06459731608629227
3504,11.0,0.036312609910964966,0.0023845855612307787,0.0,0.0,0.038697194308042526
3505,11.0,0.04124818742275238,0.003078911453485489,0.0,0.0,0.04432709887623787
3506,11.0,0.04378947615623474,0.0032987380400300026,0.0,0.0,0.04708821326494217
3507,11.0,0.04390212148427963,0.0027806751895695925,0.0,0.0,0.046682797372341156
3508,11.0,0.04234787076711655,0.00318540190346539,0.0,0.0,0.04553327336907387
3509,11.0,0.04192143306136131,0.0034778667613863945,0.0,0.0,0.04539930075407028
3510,11.0,0.03848788142204285,0.0028113434091210365,0.0,0.0,0.04129922389984131
3511,11.0,0.04450538754463196,0.0035082087852060795,0.0,0.0,0.0480135977268219
3512,11.0,0.037609443068504333,0.0026352889835834503,0.0,0.0,0.040244732052087784
3513,11.0,0.04286356270313263,0.0029090209864079952,0.0,0.0,0.04577258229255676
3514,11.0,0.04790917783975601,0.003295125439763069,0.0,0.0,0.05120430141687393
3515,11.0,0.041682109236717224,0.0026113223284482956,0.0,0.0,0.04429343342781067
3516,11.0,0.04130636900663376,0.0026214257813990116,0.0,0.0,0.04392779618501663
3517,11.0,0.038597848266363144,0.0022308744955807924,0.0,0.0,0.04082872346043587
3518,11.0,0.031168455258011818,0.0016195690259337425,0.0,0.0,0.032788023352622986
3519,11.0,0.03417243808507919,0.002112891059368849,0.0,0.0,0.03628532961010933
3520,11.0,0.029620671644806862,0.0015019250568002462,0.0,0.0,0.031122596934437752
3521,11.0,0.029647039249539375,0.0016547651030123234,0.0,0.0,0.03130180388689041
3522,11.0,0.03503035753965378,0.0026415218599140644,0.0,0.0,0.037671878933906555
3523,11.0,0.042202480137348175,0.0031032157130539417,0.0,0.0,0.04530569538474083
3524,11.0,0.031739190220832825,0.0019026552326977253,0.0,0.0,0.03364184498786926
3525,11.0,0.025657426565885544,0.0011175497202202678,0.0,0.0,0.026774976402521133
3526,11.0,0.04323830455541611,0.0039495318196713924,0.0,0.0,0.04718783497810364
3527,11.0,0.09250412881374359,0.011641780845820904,0.0,0.0,0.10414590686559677
3528,11.0,0.04381862282752991,0.0033408035524189472,0.0,0.0,0.04715942591428757
3529,11.0,0.048534736037254333,0.004525103606283665,0.0,0.0,0.053059838712215424
3530,11.0,0.030498133972287178,0.0016077973414212465,0.0,0.0,0.032105930149555206
3531,11.0,0.03669620677828789,0.002752450993284583,0.0,0.0,0.039448656141757965
3532,11.0,0.037293821573257446,0.002815329935401678,0.0,0.0,0.04010915011167526
3533,11.0,0.05894733965396881,0.005827667191624641,0.0,0.0,0.0647750049829483
3534,11.0,0.03703295439481735,0.002779308706521988,0.0,0.0,0.03981226310133934
3535,11.0,0.03368744999170303,0.0019104828825220466,0.0,0.0,0.03559793159365654
3536,11.0,0.03446516394615173,0.0021700169891119003,0.0,0.0,0.03663518279790878
3537,11.0,0.04079709202051163,0.0025153057649731636,0.0,0.0,0.043312396854162216
3538,11.0,0.041082482784986496,0.0026037157513201237,0.0,0.0,0.04368619993329048
3539,11.0,0.04363691806793213,0.0032760300673544407,0.0,0.0,0.04691294953227043
3540,11.0,0.04031357914209366,0.0023674475960433483,0.0,0.0,0.042681027203798294
3541,11.0,0.049299418926239014,0.004215019755065441,0.0,0.0,0.05351443961262703
3542,11.0,0.04230881854891777,0.0025659077800810337,0.0,0.0,0.044874727725982666
3543,11.0,0.04211247339844704,0.0031238810624927282,0.0,0.0,0.04523635283112526
3544,11.0,0.035031192004680634,0.0021235570311546326,0.0,0.0,0.037154749035835266
3545,11.0,0.040471144020557404,0.0030506993643939495,0.0,0.0,0.04352184385061264
3546,11.0,0.03555690497159958,0.002243428025394678,0.0,0.0,0.03780033439397812
3547,11.0,0.042505186051130295,0.0030690128915011883,0.0,0.0,0.04557419940829277
3548,11.0,0.03277614712715149,0.0019693588837981224,0.0,0.0,0.034745506942272186
3549,11.0,0.04348002374172211,0.0034131528809666634,0.0,0.0,0.046893175691366196
3550,11.0,0.030451148748397827,0.001652993494644761,0.0,0.0,0.032104142010211945
3551,11.0,0.04424723982810974,0.0035109794698655605,0.0,0.0,0.04775821790099144
3552,11.0,0.032861728221178055,0.0018918189452961087,0.0,0.0,0.03475354611873627
3553,11.0,0.03180697560310364,0.0016788498032838106,0.0,0.0,0.03348582610487938
3554,11.0,0.031917355954647064,0.0018654698505997658,0.0,0.0,0.033782824873924255
3555,11.0,0.032473135739564896,0.0019599655643105507,0.0,0.0,0.03443310037255287
3556,11.0,0.03548808395862579,0.0023630561772733927,0.0,0.0,0.03785113990306854
3557,11.0,0.06731277704238892,0.006787525489926338,0.0,0.0,0.0741003006696701
3558,11.0,0.03226514905691147,0.0018992968834936619,0.0,0.0,0.03416444733738899
3559,11.0,0.03477959334850311,0.0021226387470960617,0.0,0.0,0.036902233958244324
3560,11.0,0.033371493220329285,0.002214783802628517,0.0,0.0,0.03558627516031265
3561,11.0,0.03486085683107376,0.002074484247714281,0.0,0.0,0.036935340613126755
3562,11.0,0.03305111825466156,0.0017211131053045392,0.0,0.0,0.03477223217487335
3563,11.0,0.04258088767528534,0.003364476840943098,0.0,0.0,0.045945364981889725
3564,11.0,0.058657191693782806,0.005989118944853544,0.0,0.0,0.06464631110429764
3565,11.0,0.03829757869243622,0.002700271550565958,0.0,0.0,0.04099785163998604
3566,11.0,0.03604917600750923,0.0022900719195604324,0.0,0.0,0.03833924978971481
3567,11.0,0.037652820348739624,0.0026444322429597378,0.0,0.0,0.0402972511947155
3568,11.0,0.03565486520528793,0.002089776797220111,0.0,0.0,0.03774464130401611
3569,11.0,0.036811619997024536,0.0020364411175251007,0.0,0.0,0.03884806111454964
3570,11.0,0.03443300351500511,0.0021043983288109303,0.0,0.0,0.036537401378154755
3571,11.0,0.03500712662935257,0.0019915695302188396,0.0,0.0,0.0369986966252327
3572,11.0,0.0340067520737648,0.0017950019100680947,0.0,0.0,0.03580175340175629
3573,11.0,0.03574429079890251,0.002410737331956625,0.0,0.0,0.038155026733875275
3574,11.0,0.030772332102060318,0.0015809718752279878,0.0,0.0,0.03235330432653427
3575,11.0,0.02960927039384842,0.0015109679661691189,0.0,0.0,0.031120238825678825
3576,11.0,0.033310338854789734,0.0020844838581979275,0.0,0.0,0.0353948213160038
3577,11.0,0.037376150488853455,0.0028970306739211082,0.0,0.0,0.04027318209409714
3578,11.0,0.02907077968120575,0.0015473082894459367,0.0,0.0,0.03061808831989765
3579,11.0,0.033191122114658356,0.0019377925200387836,0.0,0.0,0.035128913819789886
3580,11.0,0.029135407879948616,0.0016562029486522079,0.0,0.0,0.03079161047935486
3581,11.0,0.08080588281154633,0.009456977248191833,0.0,0.0,0.09026286005973816
3582,11.0,0.07422763109207153,0.00820587296038866,0.0,0.0,0.08243350684642792
3583,11.0,0.03780373930931091,0.0028504175134003162,0.0,0.0,0.04065415635704994
3584,11.0,0.03475894406437874,0.0022323778830468655,0.0,0.0,0.03699132055044174
3585,11.0,0.03410922735929489,0.002135523594915867,0.0,0.0,0.036244750022888184
3586,11.0,0.03204159811139107,0.0020102588459849358,0.0,0.0,0.03405185788869858
3587,11.0,0.034137092530727386,0.001992968376725912,0.0,0.0,0.03613005951046944
3588,12.0,0.03927478939294815,0.0028735497035086155,0.0,0.0,0.04214834049344063
3589,12.0,0.03489140421152115,0.002133317291736603,0.0,0.0,0.03702472150325775
3590,12.0,0.0374356172978878,0.0025992777664214373,0.0,0.0,0.04003489390015602
3591,12.0,0.03773754462599754,0.002759113907814026,0.0,0.0,0.04049665853381157
3592,12.0,0.03475816547870636,0.0022201810497790575,0.0,0.0,0.0369783453643322
3593,12.0,0.041896920651197433,0.0031504423823207617,0.0,0.0,0.04504736140370369
3594,12.0,0.04485683888196945,0.003741198917850852,0.0,0.0,0.0485980361700058
3595,12.0,0.045401282608509064,0.0032015307806432247,0.0,0.0,0.048602811992168427
3596,12.0,0.0375012531876564,0.0023947926238179207,0.0,0.0,0.03989604488015175
3597,12.0,0.04398652911186218,0.003202209249138832,0.0,0.0,0.047188736498355865
3598,12.0,0.040706463158130646,0.0023765484802424908,0.0,0.0,0.043083012104034424
3599,12.0,0.0407942458987236,0.0024488845374435186,0.0,0.0,0.043243128806352615
3600,12.0,0.03783673048019409,0.0021255062893033028,0.0,0.0,0.03996223583817482
3601,12.0,0.04172864556312561,0.0031098080798983574,0.0,0.0,0.04483845457434654
3602,12.0,0.03378543257713318,0.0019773771055042744,0.0,0.0,0.035762809216976166
3603,12.0,0.032358068972826004,0.0019407900981605053,0.0,0.0,0.0342988595366478
3604,12.0,0.033614903688430786,0.0020814419258385897,0.0,0.0,0.03569634631276131
3605,12.0,0.02964988723397255,0.0016080306377261877,0.0,0.0,0.03125791624188423
3606,12.0,0.03938181325793266,0.0027892664074897766,0.0,0.0,0.04217107966542244
3607,12.0,0.03666409105062485,0.002424793317914009,0.0,0.0,0.03908888250589371
3608,12.0,0.032554272562265396,0.0019405997591093183,0.0,0.0,0.03449487313628197
3609,12.0,0.03219395875930786,0.001898398855701089,0.0,0.0,0.034092359244823456
3610,12.0,0.0568016916513443,0.0050735753029584885,0.0,0.0,0.06187526881694794
3611,12.0,0.04271049052476883,0.0035890545696020126,0.0,0.0,0.04629954695701599
3612,12.0,0.037787918001413345,0.002917297650128603,0.0,0.0,0.04070521518588066
3613,12.0,0.03220601752400398,0.0020319654140621424,0.0,0.0,0.03423798456788063
3614,12.0,0.029841236770153046,0.0016736757243052125,0.0,0.0,0.031514912843704224
3615,12.0,0.03723490983247757,0.002859316300600767,0.0,0.0,0.040094226598739624
3616,12.0,0.044291943311691284,0.0035493262112140656,0.0,0.0,0.04784126952290535
3617,12.0,0.03499159961938858,0.0019354891264811158,0.0,0.0,0.03692708909511566
3618,12.0,0.045330360531806946,0.004137011710554361,0.0,0.0,0.04946737363934517
3619,12.0,0.03962746262550354,0.002792628016322851,0.0,0.0,0.04242008924484253
3620,12.0,0.035044215619564056,0.0019175317138433456,0.0,0.0,0.03696174919605255
3621,12.0,0.03698793053627014,0.0022156350314617157,0.0,0.0,0.03920356556773186
3622,12.0,0.0408453531563282,0.0029771188274025917,0.0,0.0,0.04382247105240822
3623,12.0,0.03774136304855347,0.0027197576127946377,0.0,0.0,0.04046111926436424
3624,12.0,0.035679012537002563,0.0021235132589936256,0.0,0.0,0.037802524864673615
3625,12.0,0.036645758897066116,0.0022128720302134752,0.0,0.0,0.03885862976312637
3626,12.0,0.033920809626579285,0.002032174728810787,0.0,0.0,0.035952985286712646
3627,12.0,0.03275793790817261,0.0018911565421149135,0.0,0.0,0.034649092704057693
3628,12.0,0.03576536849141121,0.0024547469802200794,0.0,0.0,0.03822011500597
3629,12.0,0.029871637001633644,0.001542858313769102,0.0,0.0,0.031414493918418884
3630,12.0,0.06587281823158264,0.007159114815294743,0.0,0.0,0.07303193211555481
3631,12.0,0.07401531934738159,0.008693240582942963,0.0,0.0,0.08270855993032455
3632,12.0,0.03780257701873779,0.003035116009414196,0.0,0.0,0.040837693959474564
3633,12.0,0.05709152668714523,0.005251200404018164,0.0,0.0,0.062342725694179535
3634,12.0,0.04813762754201889,0.004216440953314304,0.0,0.0,0.05235406756401062
3635,12.0,0.04048863798379898,0.0025111129507422447,0.0,0.0,0.0429997518658638
3636,12.0,0.04265232011675835,0.003197064623236656,0.0,0.0,0.045849382877349854
3637,12.0,0.046846382319927216,0.003568278392776847,0.0,0.0,0.05041465908288956
3638,12.0,0.042725346982479095,0.0027467873878777027,0.0,0.0,0.04547213390469551
3639,12.0,0.04615867882966995,0.0030195838771760464,0.0,0.0,0.04917826130986214
3640,12.0,0.04375355690717697,0.0034683309495449066,0.0,0.0,0.04722188785672188
3641,12.0,0.04549106955528259,0.003496401244774461,0.0,0.0,0.04898747056722641
3642,12.0,0.044112034142017365,0.002851091790944338,0.0,0.0,0.046963125467300415
3643,12.0,0.04237893223762512,0.002783112460747361,0.0,0.0,0.04516204446554184
3644,12.0,0.04525833949446678,0.003655209206044674,0.0,0.0,0.04891354963183403
3645,12.0,0.03664502501487732,0.0023507270961999893,0.0,0.0,0.03899575024843216
3646,12.0,0.03583883121609688,0.002330468036234379,0.0,0.0,0.03816929832100868
3647,12.0,0.03484717756509781,0.0022620600648224354,0.0,0.0,0.03710923716425896
3648,12.0,0.03364346921443939,0.0020223339088261127,0.0,0.0,0.03566580265760422
3649,12.0,0.042500823736190796,0.0033370773307979107,0.0,0.0,0.045837901532649994
3650,12.0,0.034447699785232544,0.0022375183179974556,0.0,0.0,0.036685217171907425
3651,12.0,0.039482343941926956,0.003390352474525571,0.0,0.0,0.04287269711494446
3652,12.0,0.0335414856672287,0.0020560557022690773,0.0,0.0,0.0355975404381752
3653,12.0,0.041779614984989166,0.003020543372258544,0.0,0.0,0.044800158590078354
3654,12.0,0.034252095967531204,0.002294410951435566,0.0,0.0,0.036546505987644196
3655,12.0,0.03989438712596893,0.0034436751157045364,0.0,0.0,0.04333806037902832
3656,12.0,0.0531095527112484,0.00472579151391983,0.0,0.0,0.05783534422516823
3657,12.0,0.030955130234360695,0.0015839498955756426,0.0,0.0,0.03253908082842827
3658,12.0,0.047546349465847015,0.0038974666967988014,0.0,0.0,0.05144381523132324
3659,12.0,0.0674060732126236,0.00678852666169405,0.0,0.0,0.07419460266828537
3660,12.0,0.03172967582941055,0.0017500926041975617,0.0,0.0,0.03347976878285408
3661,12.0,0.037757545709609985,0.0028676746878772974,0.0,0.0,0.04062522202730179
3662,12.0,0.03630644828081131,0.0021967333741486073,0.0,0.0,0.03850318118929863
3663,12.0,0.03611115366220474,0.0020354995504021645,0.0,0.0,0.03814665228128433
3664,12.0,0.03833587095141411,0.002346745925024152,0.0,0.0,0.04068261757493019
3665,12.0,0.0371820367872715,0.0023969849571585655,0.0,0.0,0.03957902267575264
3666,12.0,0.039878960698843,0.0028936867602169514,0.0,0.0,0.042772646993398666
3667,12.0,0.0376414991915226,0.002780335722491145,0.0,0.0,0.04042183607816696
3668,12.0,0.035193149000406265,0.0021237048786133528,0.0,0.0,0.037316855043172836
3669,12.0,0.045395005494356155,0.0037246313877403736,0.0,0.0,0.04911963641643524
3670,12.0,0.03975582867860794,0.002955019474029541,0.0,0.0,0.04271084815263748
3671,12.0,0.034315407276153564,0.0019801566377282143,0.0,0.0,0.036295562982559204
3672,12.0,0.04215375334024429,0.003395382547751069,0.0,0.0,0.04554913565516472
3673,12.0,0.03269929438829422,0.0017187166959047318,0.0,0.0,0.0344180092215538
3674,12.0,0.03794301673769951,0.002258836291730404,0.0,0.0,0.04020185396075249
3675,12.0,0.04585776850581169,0.004274257458746433,0.0,0.0,0.05013202503323555
3676,12.0,0.03452969714999199,0.0018747702706605196,0.0,0.0,0.03640446811914444
3677,12.0,0.032719798386096954,0.0018599964678287506,0.0,0.0,0.034579794853925705
3678,12.0,0.035666462033987045,0.002009853022173047,0.0,0.0,0.03767631575465202
3679,12.0,0.03706533461809158,0.0027170879766345024,0.0,0.0,0.03978242352604866
3680,12.0,0.032434627413749695,0.0018575068097561598,0.0,0.0,0.03429213538765907
3681,12.0,0.033309176564216614,0.0019726266618818045,0.0,0.0,0.03528180345892906
3682,12.0,0.04215359315276146,0.0036605708301067352,0.0,0.0,0.045814163982868195
3683,12.0,0.03590572625398636,0.002185890916734934,0.0,0.0,0.038091618567705154
3684,12.0,0.04187338799238205,0.002913708332926035,0.0,0.0,0.044787097722291946
3685,12.0,0.032806266099214554,0.002200996270403266,0.0,0.0,0.035007260739803314
3686,12.0,0.0327753983438015,0.0019995977636426687,0.0,0.0,0.03477499634027481
3687,12.0,0.051121871918439865,0.004557346925139427,0.0,0.0,0.05567921698093414
3688,12.0,0.039656445384025574,0.0031671212054789066,0.0,0.0,0.04282356798648834
3689,12.0,0.032576292753219604,0.001995321363210678,0.0,0.0,0.03457161411643028
3690,12.0,0.05098540708422661,0.004412829875946045,0.0,0.0,0.05539823696017265
3691,12.0,0.038389481604099274,0.0026287585496902466,0.0,0.0,0.04101824015378952
3692,12.0,0.036797743290662766,0.002240705769509077,0.0,0.0,0.03903844952583313
3693,12.0,0.0348007008433342,0.0020791678689420223,0.0,0.0,0.03687986731529236
3694,12.0,0.03708020970225334,0.0020696232095360756,0.0,0.0,0.03914983198046684
3695,12.0,0.0398625023663044,0.002630478935316205,0.0,0.0,0.042492982000112534
3696,12.0,0.041588976979255676,0.002717368770390749,0.0,0.0,0.04430634528398514
3697,12.0,0.03936239704489708,0.0022790716029703617,0.0,0.0,0.0416414700448513
3698,12.0,0.035677313804626465,0.0021888557821512222,0.0,0.0,0.03786616772413254
3699,12.0,0.04307846352458,0.0035394770093262196,0.0,0.0,0.046617940068244934
3700,12.0,0.04146639630198479,0.002998579293489456,0.0,0.0,0.04446497559547424
3701,12.0,0.03187178075313568,0.0016808188520371914,0.0,0.0,0.03355259820818901
3702,12.0,0.04369566589593887,0.003476350102573633,0.0,0.0,0.04717201739549637
3703,12.0,0.03328581154346466,0.0020302755292505026,0.0,0.0,0.03531608730554581
3704,12.0,0.03927334398031235,0.003251476678997278,0.0,0.0,0.04252482205629349
3705,12.0,0.04699428379535675,0.003790637943893671,0.0,0.0,0.05078492313623428
3706,12.0,0.03841208666563034,0.0030010349582880735,0.0,0.0,0.04141312092542648
3707,12.0,0.029665105044841766,0.001607250887900591,0.0,0.0,0.03127235546708107
3708,12.0,0.05281361937522888,0.004704252816736698,0.0,0.0,0.057517871260643005
3709,12.0,0.07327747344970703,0.008569539524614811,0.0,0.0,0.08184701204299927
3710,12.0,0.03576301783323288,0.002014600206166506,0.0,0.0,0.0377776175737381
3711,12.0,0.04544050619006157,0.003948163241147995,0.0,0.0,0.049388669431209564
3712,12.0,0.03854527696967125,0.002367163309827447,0.0,0.0,0.0409124419093132
3713,12.0,0.04209250584244728,0.002599307568743825,0.0,0.0,0.04469181224703789
3714,12.0,0.04312922805547714,0.0029280974995344877,0.0,0.0,0.0460573248565197
3715,12.0,0.04369540512561798,0.0027172004338353872,0.0,0.0,0.04641260579228401
3716,12.0,0.04651424661278725,0.0030929860658943653,0.0,0.0,0.049607232213020325
3717,12.0,0.044003840535879135,0.003282179357483983,0.0,0.0,0.0472860187292099
3718,12.0,0.037719570100307465,0.002114978153258562,0.0,0.0,0.03983454778790474
3719,12.0,0.034593306481838226,0.001829803455621004,0.0,0.0,0.03642310947179794
3720,12.0,0.033050842583179474,0.001934706699103117,0.0,0.0,0.03498554974794388
3721,12.0,0.037520311772823334,0.002677575685083866,0.0,0.0,0.040197886526584625
3722,12.0,0.03184514120221138,0.0018010889180004597,0.0,0.0,0.03364622965455055
3723,12.0,0.03161093592643738,0.0018621215131133795,0.0,0.0,0.03347305580973625
3724,12.0,0.03670326620340347,0.0027270198334008455,0.0,0.0,0.03943028673529625
3725,12.0,0.03977488726377487,0.0028425492346286774,0.0,0.0,0.04261743649840355
3726,12.0,0.03674354404211044,0.0029314025305211544,0.0,0.0,0.039674945175647736
3727,12.0,0.0422673374414444,0.003446288639679551,0.0,0.0,0.045713625848293304
3728,12.0,0.04392647743225098,0.0037185046821832657,0.0,0.0,0.04764498025178909
3729,12.0,0.039257653057575226,0.003130428260192275,0.0,0.0,0.042388081550598145
3730,12.0,0.03321346268057823,0.0020691286772489548,0.0,0.0,0.03528258949518204
3731,12.0,0.02944987267255783,0.0016009944956749678,0.0,0.0,0.031050866469740868
3732,12.0,0.0318363681435585,0.0016297490801662207,0.0,0.0,0.03346611559391022
3733,12.0,0.07144863158464432,0.007475990802049637,0.0,0.0,0.07892462611198425
3734,12.0,0.04973015934228897,0.004618694540113211,0.0,0.0,0.05434885248541832
3735,12.0,0.03175732493400574,0.001832776702940464,0.0,0.0,0.03359010070562363
3736,12.0,0.0362582765519619,0.002532371785491705,0.0,0.0,0.03879064694046974
3737,12.0,0.03541822358965874,0.002168877050280571,0.0,0.0,0.03758709877729416
3738,12.0,0.035142552107572556,0.0021691659931093454,0.0,0.0,0.03731171786785126
3739,12.0,0.0443623885512352,0.003916897810995579,0.0,0.0,0.0482792854309082
3740,12.0,0.03368401527404785,0.0020511720795184374,0.0,0.0,0.03573518618941307
3741,12.0,0.036517053842544556,0.0025716149248182774,0.0,0.0,0.039088670164346695
3742,12.0,0.03929153084754944,0.0024294357281178236,0.0,0.0,0.04172096773982048
3743,12.0,0.03698604553937912,0.0023719933815300465,0.0,0.0,0.03935803845524788
3744,12.0,0.03737254440784454,0.0023595355451107025,0.0,0.0,0.039732079952955246
3745,12.0,0.035817623138427734,0.0025505884550511837,0.0,0.0,0.038368210196495056
3746,12.0,0.038170650601387024,0.0020487813744693995,0.0,0.0,0.04021943360567093
3747,12.0,0.036434564739465714,0.0022793724201619625,0.0,0.0,0.038713935762643814
3748,12.0,0.03432895243167877,0.0019148895516991615,0.0,0.0,0.03624384105205536
3749,12.0,0.03322618827223778,0.0017830184660851955,0.0,0.0,0.03500920534133911
3750,12.0,0.03858748823404312,0.002711542882025242,0.0,0.0,0.04129903018474579
3751,12.0,0.04141141474246979,0.0032428978011012077,0.0,0.0,0.04465431347489357
3752,12.0,0.03594514727592468,0.0025757509283721447,0.0,0.0,0.038520898669958115
3753,12.0,0.06556740403175354,0.006497714668512344,0.0,0.0,0.07206511497497559
3754,12.0,0.03170546144247055,0.002007492817938328,0.0,0.0,0.033712953329086304
3755,12.0,0.03496627137064934,0.0024380721151828766,0.0,0.0,0.037404343485832214
3756,12.0,0.03548741713166237,0.002156576607376337,0.0,0.0,0.03764399513602257
3757,12.0,0.03786665201187134,0.0027606631629168987,0.0,0.0,0.040627315640449524
3758,12.0,0.03545890003442764,0.002111703623086214,0.0,0.0,0.03757060319185257
3759,12.0,0.030919412150979042,0.0017513269558548927,0.0,0.0,0.03267074003815651
3760,12.0,0.03001461923122406,0.0016298218397423625,0.0,0.0,0.031644441187381744
3761,12.0,0.037682753056287766,0.0028227909933775663,0.0,0.0,0.0405055433511734
3762,12.0,0.029969707131385803,0.0015288551803678274,0.0,0.0,0.031498562544584274
3763,12.0,0.03236852586269379,0.0016881778137758374,0.0,0.0,0.03405670449137688
3764,12.0,0.03316044807434082,0.002065480686724186,0.0,0.0,0.03522592782974243
3765,12.0,0.028613463044166565,0.001435792539268732,0.0,0.0,0.03004925511777401
3766,12.0,0.051703765988349915,0.004365116823464632,0.0,0.0,0.05606888234615326
3767,12.0,0.028595931828022003,0.0014249079395085573,0.0,0.0,0.03002084046602249
3768,12.0,0.033074043691158295,0.0018869792111217976,0.0,0.0,0.034961022436618805
3769,12.0,0.028247741982340813,0.0014868313446640968,0.0,0.0,0.029734574258327484
3770,12.0,0.04060012102127075,0.0028788794297724962,0.0,0.0,0.04347899928689003
3771,12.0,0.04035342112183571,0.0032408018596470356,0.0,0.0,0.04359422251582146
3772,12.0,0.02968214824795723,0.0016996412305161357,0.0,0.0,0.03138178959488869
3773,12.0,0.03187256306409836,0.0018261922523379326,0.0,0.0,0.033698756247758865
3774,12.0,0.07043450325727463,0.007483424618840218,0.0,0.0,0.0779179260134697
3775,12.0,0.03732091188430786,0.0028301062993705273,0.0,0.0,0.040151018649339676
3776,12.0,0.036112334579229355,0.002618055557832122,0.0,0.0,0.03873039036989212
3777,12.0,0.050559259951114655,0.00492587685585022,0.0,0.0,0.055485136806964874
3778,12.0,0.0398341603577137,0.002451518550515175,0.0,0.0,0.04228568077087402
3779,12.0,0.034494079649448395,0.002073830459266901,0.0,0.0,0.03656791150569916
3780,12.0,0.03678259626030922,0.0024381116963922977,0.0,0.0,0.03922070935368538
3781,12.0,0.03791771084070206,0.0020098602399230003,0.0,0.0,0.03992757201194763
3782,12.0,0.050397343933582306,0.004405621904879808,0.0,0.0,0.05480296537280083
3783,12.0,0.04968443512916565,0.0043499404564499855,0.0,0.0,0.05403437465429306
3784,12.0,0.04380486160516739,0.003300642129033804,0.0,0.0,0.04710550233721733
3785,12.0,0.03926664590835571,0.0022931464482098818,0.0,0.0,0.041559793055057526
3786,12.0,0.04364200681447983,0.0031507136300206184,0.0,0.0,0.04679271951317787
3787,12.0,0.042409747838974,0.0036471534986048937,0.0,0.0,0.046056900173425674
3788,12.0,0.03754782676696777,0.0024393019266426563,0.0,0.0,0.03998712822794914
3789,12.0,0.04247080534696579,0.003570092376321554,0.0,0.0,0.04604089632630348
3790,12.0,0.046659596264362335,0.0038195764645934105,0.0,0.0,0.05047917366027832
3791,12.0,0.0326370969414711,0.001809373265132308,0.0,0.0,0.03444647043943405
3792,12.0,0.03657974675297737,0.0023869206197559834,0.0,0.0,0.03896666690707207
3793,12.0,0.03840423375368118,0.00237942929379642,0.0,0.0,0.04078366234898567
3794,12.0,0.03753066807985306,0.0024889549240469933,0.0,0.0,0.040019623935222626
3795,12.0,0.04199344664812088,0.003102421062067151,0.0,0.0,0.04509586840867996
3796,12.0,0.038461074233055115,0.0026969946920871735,0.0,0.0,0.04115806892514229
3797,12.0,0.03745151311159134,0.0020958324894309044,0.0,0.0,0.03954734653234482
3798,12.0,0.03672810643911362,0.0024819220416247845,0.0,0.0,0.03921002894639969
3799,12.0,0.03723931312561035,0.0026766671799123287,0.0,0.0,0.03991597890853882
3800,12.0,0.035114437341690063,0.002141662873327732,0.0,0.0,0.03725609928369522
3801,12.0,0.04447916895151138,0.003782333340495825,0.0,0.0,0.048261500895023346
3802,12.0,0.05952181667089462,0.005829683504998684,0.0,0.0,0.06535150110721588
3803,12.0,0.03121163696050644,0.0017800291534513235,0.0,0.0,0.032991666346788406
3804,12.0,0.039667293429374695,0.0028071890119463205,0.0,0.0,0.04247448220849037
3805,12.0,0.037541598081588745,0.00282569439150393,0.0,0.0,0.04036729410290718
3806,12.0,0.03189846873283386,0.0016827178187668324,0.0,0.0,0.03358118608593941
3807,12.0,0.03527233377099037,0.0019885434303432703,0.0,0.0,0.03726087883114815
3808,12.0,0.03745333105325699,0.0028664993587881327,0.0,0.0,0.04031983017921448
3809,12.0,0.033832937479019165,0.0020278911106288433,0.0,0.0,0.035860829055309296
3810,12.0,0.04039420932531357,0.0029363357461988926,0.0,0.0,0.04333054646849632
3811,12.0,0.03320695459842682,0.0021480792202055454,0.0,0.0,0.035355035215616226
3812,12.0,0.055416494607925415,0.0050082337111234665,0.0,0.0,0.06042473018169403
3813,12.0,0.03692789003252983,0.002739098621532321,0.0,0.0,0.03966698795557022
3814,12.0,0.04929010570049286,0.004679488949477673,0.0,0.0,0.053969595581293106
3815,12.0,0.032226815819740295,0.0018055698601529002,0.0,0.0,0.03403238579630852
3816,12.0,0.038172513246536255,0.002626087749376893,0.0,0.0,0.040798600763082504
3817,12.0,0.03561414033174515,0.001934301108121872,0.0,0.0,0.03754844143986702
3818,12.0,0.03578681871294975,0.002176259644329548,0.0,0.0,0.037963077425956726
3819,12.0,0.03578933700919151,0.002155723050236702,0.0,0.0,0.037945061922073364
3820,12.0,0.035908568650484085,0.0022164438851177692,0.0,0.0,0.03812501206994057
3821,12.0,0.04939492046833038,0.00409996323287487,0.0,0.0,0.0534948855638504
3822,12.0,0.03440786898136139,0.0020732805132865906,0.0,0.0,0.03648114949464798
3823,12.0,0.038277678191661835,0.002835142659023404,0.0,0.0,0.04111282154917717
3824,12.0,0.03714730963110924,0.0026220197323709726,0.0,0.0,0.03976932913064957
3825,12.0,0.032252442091703415,0.001807080814614892,0.0,0.0,0.03405952453613281
3826,12.0,0.03105849213898182,0.0018285948317497969,0.0,0.0,0.032887086272239685
3827,12.0,0.03145458549261093,0.0016371431993320584,0.0,0.0,0.03309172764420509
3828,12.0,0.04688946157693863,0.003766748122870922,0.0,0.0,0.050656210631132126
3829,12.0,0.028998903930187225,0.0015374660724774003,0.0,0.0,0.03053637035191059
3830,12.0,0.0353584811091423,0.0025423429906368256,0.0,0.0,0.03790082409977913
3831,12.0,0.03644515573978424,0.0023703197948634624,0.0,0.0,0.03881547600030899
3832,12.0,0.031829364597797394,0.0018888255581259727,0.0,0.0,0.03371819108724594
3833,12.0,0.02930373139679432,0.0016058600740507245,0.0,0.0,0.030909592285752296
3834,12.0,0.06049330532550812,0.006071289535611868,0.0,0.0,0.06656459718942642
3835,12.0,0.03006162866950035,0.0016681530978530645,0.0,0.0,0.03172978013753891
3836,12.0,0.029459647834300995,0.0014486529398709536,0.0,0.0,0.03090830147266388
3837,12.0,0.03548521548509598,0.0023233634419739246,0.0,0.0,0.037808578461408615
3838,12.0,0.040875859558582306,0.002938781399279833,0.0,0.0,0.04381464049220085
3839,12.0,0.036341216415166855,0.0025615617632865906,0.0,0.0,0.038902778178453445
3840,12.0,0.037474922835826874,0.0026572784408926964,0.0,0.0,0.040132202208042145
3841,12.0,0.035310760140419006,0.002281667198985815,0.0,0.0,0.03759242594242096
3842,12.0,0.03866664320230484,0.0029106945730745792,0.0,0.0,0.04157733917236328
3843,12.0,0.03715674206614494,0.0026124129071831703,0.0,0.0,0.03976915404200554
3844,12.0,0.03820863366127014,0.002677344949916005,0.0,0.0,0.04088597744703293
3845,12.0,0.03348772972822189,0.0020816263277083635,0.0,0.0,0.03556935489177704
3846,12.0,0.039364174008369446,0.002794293686747551,0.0,0.0,0.042158469557762146
3847,12.0,0.0338057279586792,0.0019781235605478287,0.0,0.0,0.03578384965658188
3848,12.0,0.03349814936518669,0.001966865500435233,0.0,0.0,0.03546501323580742
3849,12.0,0.04381324350833893,0.0036409117747098207,0.0,0.0,0.04745415598154068
3850,12.0,0.03699830174446106,0.0021320348605513573,0.0,0.0,0.03913033753633499
3851,12.0,0.036831699311733246,0.0023722276091575623,0.0,0.0,0.03920392692089081
3852,12.0,0.05178668349981308,0.00464641535654664,0.0,0.0,0.05643310025334358
3853,12.0,0.03580355644226074,0.002293243072926998,0.0,0.0,0.038096800446510315
3854,12.0,0.03680005297064781,0.0025695636868476868,0.0,0.0,0.0393696166574955
3855,12.0,0.032511889934539795,0.0016382893081754446,0.0,0.0,0.03415017947554588
3856,12.0,0.033282242715358734,0.001913977786898613,0.0,0.0,0.035196222364902496
3857,12.0,0.03526290878653526,0.0019286561291664839,0.0,0.0,0.037191566079854965
3858,12.0,0.03432471305131912,0.002009791322052479,0.0,0.0,0.036334503442049026
3859,12.0,0.032331086695194244,0.0017001484520733356,0.0,0.0,0.03403123468160629
3860,12.0,0.03358340263366699,0.0020895760972052813,0.0,0.0,0.035672977566719055
3861,12.0,0.03517378121614456,0.0025804550386965275,0.0,0.0,0.03775423765182495
3862,12.0,0.03464362397789955,0.002253904938697815,0.0,0.0,0.036897528916597366
3863,12.0,0.036941587924957275,0.0027252165600657463,0.0,0.0,0.039666805416345596
3864,12.0,0.06350388377904892,0.0059926630929112434,0.0,0.0,0.06949654966592789
3865,12.0,0.08094339072704315,0.009532012045383453,0.0,0.0,0.0904754027724266
3866,12.0,0.04752844572067261,0.004076187498867512,0.0,0.0,0.051604632288217545
3867,12.0,0.04001828655600548,0.0033803009428083897,0.0,0.0,0.04339858889579773
3868,12.0,0.0344538539648056,0.0019557958003133535,0.0,0.0,0.0364096499979496
3869,12.0,0.04036495089530945,0.0028235469944775105,0.0,0.0,0.04318849742412567
3870,12.0,0.03781091049313545,0.002458147704601288,0.0,0.0,0.04026905819773674
3871,12.0,0.035025060176849365,0.002193278633058071,0.0,0.0,0.03721833974123001
3872,12.0,0.03770524263381958,0.0023000373039394617,0.0,0.0,0.04000528156757355
3873,12.0,0.04027869552373886,0.002844815142452717,0.0,0.0,0.043123509734869
3874,12.0,0.04311349242925644,0.0026119446847587824,0.0,0.0,0.04572543874382973
3875,12.0,0.043014202266931534,0.00267362454906106,0.0,0.0,0.045687828212976456
3876,12.0,0.044082071632146835,0.002852463396266103,0.0,0.0,0.04693453386425972
3877,12.0,0.035283952951431274,0.002109374850988388,0.0,0.0,0.03739332780241966
3878,12.0,0.03399312496185303,0.002019271720200777,0.0,0.0,0.03601239621639252
3879,12.0,0.035250186920166016,0.002205381402745843,0.0,0.0,0.037455569952726364
3880,12.0,0.038791656494140625,0.003247070824727416,0.0,0.0,0.042038727551698685
3881,12.0,0.03174356743693352,0.0017926252912729979,0.0,0.0,0.033536192029714584
3882,12.0,0.0381225049495697,0.0028965454548597336,0.0,0.0,0.041019052267074585
3883,12.0,0.032148249447345734,0.00207542791031301,0.0,0.0,0.03422367572784424
3884,12.0,0.029978329315781593,0.001674792030826211,0.0,0.0,0.03165312111377716
3885,12.0,0.06125233322381973,0.006189026869833469,0.0,0.0,0.06744135916233063
3886,12.0,0.09394274652004242,0.012397956103086472,0.0,0.0,0.10634070634841919
3887,13.0,0.038728103041648865,0.0025458247400820255,0.0,0.0,0.04127392917871475
3888,13.0,0.036868173629045486,0.0026550963521003723,0.0,0.0,0.03952326998114586
3889,13.0,0.03524214029312134,0.002399909310042858,0.0,0.0,0.03764205053448677
3890,13.0,0.035479508340358734,0.0021332844626158476,0.0,0.0,0.03761279210448265
3891,13.0,0.03448109328746796,0.0018800660036504269,0.0,0.0,0.03636115789413452
3892,13.0,0.03433021157979965,0.0021759881637990475,0.0,0.0,0.03650619834661484
3893,13.0,0.04122375696897507,0.003031774191185832,0.0,0.0,0.04425553232431412
3894,13.0,0.038529183715581894,0.00265846261754632,0.0,0.0,0.041187647730112076
3895,13.0,0.040971510112285614,0.0034529240801930428,0.0,0.0,0.04442443326115608
3896,13.0,0.04340486228466034,0.002667137887328863,0.0,0.0,0.04607199877500534
3897,13.0,0.03764975070953369,0.002147485502064228,0.0,0.0,0.039797235280275345
3898,13.0,0.043218955397605896,0.0032449529971927404,0.0,0.0,0.04646390676498413
3899,13.0,0.03616709262132645,0.0019595050252974033,0.0,0.0,0.03812659904360771
3900,13.0,0.03571462631225586,0.002107365522533655,0.0,0.0,0.037821993231773376
3901,13.0,0.04689677059650421,0.003822681028395891,0.0,0.0,0.050719451159238815
3902,13.0,0.034809719771146774,0.0020660748705267906,0.0,0.0,0.03687579557299614
