suffx,PSNR,SSIM
deepcad,32.30381747535838,0.5577632784843445
frame20_alphas0.65,29.386662364903493,0.8096688389778137
frame50_alphas0.65,29.86440694775656,0.7896419763565063
frame100_alphas0.65,30.6344739639134,0.7752158045768738
frame300_alphas0.65,32.80736817978773,0.7659367918968201
frame600_alphas0.65,33.57530729395882,0.7653732299804688
frame1200_alphas0.65,33.90251525424817,0.7660864591598511
frame3000_alphas0.65,33.96884081427115,0.765807032585144
