suffx,PSNR,SSIM
deepcad,27.270836488204008,0.10584402084350586
frame3000_alphas1,27.26141031264718,0.22240237891674042
