suffx,PSNR,SSIM
deepcad,27.80435827849969,0.45625364780426025
frame3000_alphas0.85,29.33049164014075,0.6931183934211731
