suffx,PSNR,SSIM
deepcad,0.0,0.5577632784843445
frame3000_alphas0.85,29.330494413294645,0.6931183934211731
