suffx,PSNR,SSIM
deepcad,31.60451039045185,0.5473683476448059
frame3000_alphas0.85,33.19490866416439,0.7557609677314758
